timestamp,PM2.5
2025-01-01 00:00:00,22.483570765056164
2025-01-01 01:00:00,19.308678494144075
2025-01-01 02:00:00,23.23844269050346
2025-01-01 03:00:00,27.61514928204013
2025-01-01 04:00:00,18.829233126383322
2025-01-01 05:00:00,18.8293152152541
2025-01-01 06:00:00,27.896064077536955
2025-01-01 07:00:00,23.837173645764544
2025-01-01 08:00:00,17.65262807032524
2025-01-01 09:00:00,22.712800217929825
2025-01-01 10:00:00,17.682911535937688
2025-01-01 11:00:00,17.671351232148716
2025-01-01 12:00:00,21.20981135783017
2025-01-01 13:00:00,10.43359877671101
2025-01-01 14:00:00,11.375410837434837
2025-01-01 15:00:00,17.188562353795135
2025-01-01 16:00:00,14.93584439832788
2025-01-01 17:00:00,21.571236662976368
2025-01-01 18:00:00,15.459879622393945
2025-01-01 19:00:00,12.938481493323543
2025-01-01 20:00:00,27.32824384460777
2025-01-01 21:00:00,18.871118497567323
2025-01-01 22:00:00,20.33764102343962
2025-01-01 23:00:00,12.876259068932717
2025-01-02 00:00:00,17.278086377374088
2025-01-02 01:00:00,20.55461294854933
2025-01-02 02:00:00,14.245032112888486
2025-01-02 03:00:00,21.87849009172836
2025-01-02 04:00:00,16.996806550405974
2025-01-02 05:00:00,18.541531251033618
2025-01-02 06:00:00,16.991466938853016
2025-01-02 07:00:00,29.261390922544688
2025-01-02 08:00:00,19.93251387631033
2025-01-02 09:00:00,14.711445355220498
2025-01-02 10:00:00,24.112724560515943
2025-01-02 11:00:00,13.895781750144888
2025-01-02 12:00:00,21.044317975023777
2025-01-02 13:00:00,10.201649380601122
2025-01-02 14:00:00,13.359069755507846
2025-01-02 15:00:00,20.984306179345616
2025-01-02 16:00:00,23.692332899977053
2025-01-02 17:00:00,20.85684140594985
2025-01-02 18:00:00,19.421758588058797
2025-01-02 19:00:00,18.494481522053555
2025-01-02 20:00:00,12.607390048162863
2025-01-02 21:00:00,16.400778958026457
2025-01-02 22:00:00,17.696806145201062
2025-01-02 23:00:00,25.285611131094576
2025-01-03 00:00:00,21.71809144784231
2025-01-03 01:00:00,11.18479922318633
2025-01-03 02:00:00,21.620419846973974
2025-01-03 03:00:00,18.074588597918417
2025-01-03 04:00:00,16.615389998470206
2025-01-03 05:00:00,23.05838144420434
2025-01-03 06:00:00,25.154997612479754
2025-01-03 07:00:00,24.656400595580994
2025-01-03 08:00:00,15.803912383886807
2025-01-03 09:00:00,18.453938120743928
2025-01-03 10:00:00,21.65631715701782
2025-01-03 11:00:00,24.877725635611796
2025-01-03 12:00:00,17.60412881077355
2025-01-03 13:00:00,19.071705116680914
2025-01-03 14:00:00,14.468325129969859
2025-01-03 15:00:00,14.018966879596647
2025-01-03 16:00:00,24.062629111970992
2025-01-03 17:00:00,26.781200142854114
2025-01-03 18:00:00,19.63994939209833
2025-01-03 19:00:00,25.01766448946012
2025-01-03 20:00:00,21.80818012523817
2025-01-03 21:00:00,16.77440122697438
2025-01-03 22:00:00,21.80697802754207
2025-01-03 23:00:00,27.690182832329846
2025-01-04 00:00:00,19.820869804450243
2025-01-04 01:00:00,27.82321827907003
2025-01-04 02:00:00,6.901274479551278
2025-01-04 03:00:00,24.10951252187612
2025-01-04 04:00:00,20.435235341190857
2025-01-04 05:00:00,18.504963247670663
2025-01-04 06:00:00,20.45880388267751
2025-01-04 07:00:00,10.062155426995536
2025-01-04 08:00:00,18.90164056081244
2025-01-04 09:00:00,21.78556285755873
2025-01-04 10:00:00,27.38947022370758
2025-01-04 11:00:00,17.40864890863176
2025-01-04 12:00:00,15.957531985534061
2025-01-04 13:00:00,17.491214782077318
2025-01-04 14:00:00,24.57701058851037
2025-01-04 15:00:00,21.643755548298422
2025-01-04 16:00:00,17.351198981164806
2025-01-04 17:00:00,22.56633716556678
2025-01-04 18:00:00,20.4853877467402
2025-01-04 19:00:00,24.843224952664446
2025-01-04 20:00:00,16.489734530613237
2025-01-04 21:00:00,18.361689267011158
2025-01-04 22:00:00,18.039459234339212
2025-01-04 23:00:00,12.682425259339407
2025-01-05 00:00:00,21.48060138532288
2025-01-05 01:00:00,21.305276360899448
2025-01-05 02:00:00,20.025567283212304
2025-01-05 03:00:00,18.827064333124266
2025-01-05 04:00:00,12.92314628974793
2025-01-05 05:00:00,17.896773386173205
2025-01-05 06:00:00,18.286427417366152
2025-01-05 07:00:00,15.988613653891905
2025-01-05 08:00:00,19.193571441669953
2025-01-05 09:00:00,22.020254284072692
2025-01-05 10:00:00,29.43092950605265
2025-01-05 11:00:00,20.872889064159196
2025-01-05 12:00:00,21.28775195361382
2025-01-05 13:00:00,19.627770421169163
2025-01-05 14:00:00,10.406143923504793
2025-01-05 15:00:00,19.867430622753915
2025-01-05 16:00:00,20.301151049705133
2025-01-05 17:00:00,32.316210562426434
2025-01-05 18:00:00,19.038195176094387
2025-01-05 19:00:00,21.507736711668063
2025-01-05 20:00:00,19.826441151473784
2025-01-05 21:00:00,14.156609811902339
2025-01-05 22:00:00,25.714114072575104
2025-01-05 23:00:00,23.759665163433873
2025-01-06 00:00:00,23.955159735215233
2025-01-06 01:00:00,15.453062726026305
2025-01-06 02:00:00,27.013971554680495
2025-01-06 03:00:00,12.990744686038596
2025-01-06 04:00:00,22.934285469001352
2025-01-06 05:00:00,30.952278129049894
2025-01-06 06:00:00,15.047318374346558
2025-01-06 07:00:00,17.16851135198614
2025-01-06 08:00:00,20.498256825438204
2025-01-06 09:00:00,17.482621729419005
2025-01-06 10:00:00,12.246682844669337
2025-01-06 11:00:00,20.342814874030136
2025-01-06 12:00:00,14.688481431369475
2025-01-06 13:00:00,22.36796215317591
2025-01-06 14:00:00,15.402878828830985
2025-01-06 15:00:00,27.749672025087698
2025-01-06 16:00:00,16.083733538318814
2025-01-06 17:00:00,18.38969241897162
2025-01-06 18:00:00,24.067586086848348
2025-01-06 19:00:00,13.845678417830225
2025-01-06 20:00:00,21.137299673020646
2025-01-06 21:00:00,26.53571377141214
2025-01-06 22:00:00,11.962583827193862
2025-01-06 23:00:00,20.92316929266152
2025-01-07 00:00:00,21.299413971242117
2025-01-07 01:00:00,23.90911435888655
2025-01-07 02:00:00,13.81524644560959
2025-01-07 03:00:00,13.397716934578618
2025-01-07 04:00:00,22.60970782808449
2025-01-07 05:00:00,21.48492336616593
2025-01-07 06:00:00,21.252464251729382
2025-01-07 07:00:00,21.732241047484877
2025-01-07 08:00:00,16.599876392107547
2025-01-07 09:00:00,21.161268485805017
2025-01-07 10:00:00,21.465362366493405
2025-01-07 11:00:00,16.42824290986816
2025-01-07 12:00:00,29.328872555723784
2025-01-07 13:00:00,22.36916460455894
2025-01-07 14:00:00,14.043482513986756
2025-01-07 15:00:00,23.28276804316915
2025-01-07 16:00:00,15.126591648863393
2025-01-07 17:00:00,23.93542301871226
2025-01-07 18:00:00,25.79297789503702
2025-01-07 19:00:00,15.896588408241447
2025-01-07 20:00:00,24.81688064622161
2025-01-07 21:00:00,22.06390463468249
2025-01-07 22:00:00,24.11030079997245
2025-01-07 23:00:00,29.483964913269737
2025-01-08 00:00:00,18.773059419985646
2025-01-08 01:00:00,16.23131917821255
2025-01-08 02:00:00,15.552427851872384
2025-01-08 03:00:00,15.920948575172808
2025-01-08 04:00:00,19.614491452929478
2025-01-08 05:00:00,21.70575987408322
2025-01-08 06:00:00,21.383453996650097
2025-01-08 07:00:00,24.13591624518012
2025-01-08 08:00:00,20.065009459389536
2025-01-08 09:00:00,27.267670385786584
2025-01-08 10:00:00,18.67671583381022
2025-01-08 11:00:00,33.600845832948096
2025-01-08 12:00:00,23.12833673882503
2025-01-08 13:00:00,15.714212217918586
2025-01-08 14:00:00,14.645537509694439
2025-01-08 15:00:00,22.412362076215928
2025-01-08 16:00:00,18.882686073370746
2025-01-08 17:00:00,23.57000247046046
2025-01-08 18:00:00,22.366188122867726
2025-01-08 19:00:00,19.635855436715637
2025-01-08 20:00:00,15.766031409657975
2025-01-08 21:00:00,12.425763876570677
2025-01-08 22:00:00,17.767425239664895
2025-01-08 23:00:00,24.28199397161736
2025-01-09 00:00:00,21.07046872065102
2025-01-09 01:00:00,13.77130610644006
2025-01-09 02:00:00,20.86590462925591
2025-01-09 03:00:00,21.926586898644185
2025-01-09 04:00:00,15.580712818994336
2025-01-09 05:00:00,20.76862552972764
2025-01-09 06:00:00,20.29104359223
2025-01-09 07:00:00,14.285148510846884
2025-01-09 08:00:00,21.788936801741418
2025-01-09 09:00:00,22.80392263184117
2025-01-09 10:00:00,25.415256215876383
2025-01-09 11:00:00,25.269010260174515
2025-01-09 12:00:00,13.111653160214544
2025-01-09 13:00:00,15.310874800424386
2025-01-09 14:00:00,22.5751763360433
2025-01-09 15:00:00,22.568929754561044
2025-01-09 16:00:00,22.575238431530238
2025-01-09 17:00:00,39.26365745327361
2025-01-09 18:00:00,22.854452553465833
2025-01-09 19:00:00,25.677828200902994
2025-01-09 20:00:00,24.770008817466014
2025-01-09 21:00:00,23.25695625652899
2025-01-09 22:00:00,18.42365377679827
2025-01-09 23:00:00,23.794846102466337
2025-01-10 00:00:00,16.13587392731214
2025-01-10 01:00:00,18.815906966299956
2025-01-10 02:00:00,17.573182260854484
2025-01-10 03:00:00,20.409370696931614
2025-01-10 04:00:00,31.573292833367542
2025-01-10 05:00:00,10.66367403704126
2025-01-10 06:00:00,23.43130095187257
2025-01-10 07:00:00,11.936420644051742
2025-01-10 08:00:00,17.640340671052833
2025-01-10 09:00:00,25.444752984836832
2025-01-10 10:00:00,20.321400095477316
2025-01-10 11:00:00,14.611276110353469
2025-01-10 12:00:00,16.42348145370016
2025-01-10 13:00:00,23.39798874467338
2025-01-10 14:00:00,16.34816684141432
2025-01-10 15:00:00,21.082292947909874
2025-01-10 16:00:00,20.22785919951907
2025-01-10 17:00:00,16.741998261970913
2025-01-10 18:00:00,30.719720446626628
2025-01-10 19:00:00,23.169595111590056
2025-01-10 20:00:00,9.874287066711965
2025-01-10 21:00:00,20.93227157384714
2025-01-10 22:00:00,16.69106767615806
2025-01-10 23:00:00,24.26216667398112
2025-01-11 00:00:00,16.037396307836495
2025-01-11 01:00:00,19.426317792665504
2025-01-11 02:00:00,22.524936394902287
2025-01-11 03:00:00,24.328775970850607
2025-01-11 04:00:00,13.998517964721119
2025-01-11 05:00:00,18.327493820795258
2025-01-11 06:00:00,17.62527344419522
2025-01-11 07:00:00,16.73335383713144
2025-01-11 08:00:00,28.827271201405484
2025-01-11 09:00:00,22.024908554804778
2025-01-11 10:00:00,13.695580228324774
2025-01-11 11:00:00,24.58930973527388
2025-01-11 12:00:00,30.610780985063165
2025-01-11 13:00:00,25.162326302755734
2025-01-11 14:00:00,12.403150170229933
2025-01-11 15:00:00,17.578829635668743
2025-01-11 16:00:00,26.334555745933113
2025-01-11 17:00:00,16.461652671906094
2025-01-11 18:00:00,22.219097140731144
2025-01-11 19:00:00,23.873170267146683
2025-01-11 20:00:00,15.365347642109585
2025-01-11 21:00:00,19.702373219691
2025-01-11 22:00:00,3.793663299654636
2025-01-11 23:00:00,14.878061793328552
2025-01-12 00:00:00,18.7371592430342
2025-01-12 01:00:00,13.761084090175753
2025-01-12 02:00:00,28.162056519658176
2025-01-12 03:00:00,12.849293110196836
2025-01-12 04:00:00,17.799777566515083
2025-01-12 05:00:00,20.653702886430455
2025-01-12 06:00:00,27.206366445330577
2025-01-12 07:00:00,12.820689244102804
2025-01-12 08:00:00,25.815818760774796
2025-01-12 09:00:00,20.051165305097935
2025-01-12 10:00:00,15.092456744760245
2025-01-12 11:00:00,22.310517371316354
2025-01-12 12:00:00,20.99529847786735
2025-01-12 13:00:00,16.998915614206027
2025-01-12 14:00:00,20.349010424950094
2025-01-12 15:00:00,18.0734320156912
2025-01-12 16:00:00,20.56758672625624
2025-01-12 17:00:00,23.310653372605234
2025-01-12 18:00:00,27.93008408072676
2025-01-12 19:00:00,13.810922505865754
2025-01-12 20:00:00,30.665166873281333
2025-01-12 21:00:00,10.239561002387491
2025-01-12 22:00:00,19.241074524822082
2025-01-12 23:00:00,22.941586032422883
2025-01-13 00:00:00,21.404959338675162
2025-01-13 01:00:00,16.88650240089703
2025-01-13 02:00:00,18.959388748213623
2025-01-13 03:00:00,17.534995326705836
2025-01-13 04:00:00,17.053176215278942
2025-01-13 05:00:00,24.248010485105123
2025-01-13 06:00:00,21.785077429825236
2025-01-13 07:00:00,16.535452023696728
2025-01-13 08:00:00,24.497999377166252
2025-01-13 09:00:00,21.536497604383047
2025-01-13 10:00:00,24.0643105941948
2025-01-13 11:00:00,23.14814420961806
2025-01-13 12:00:00,15.855024945389639
2025-01-13 13:00:00,17.199094799015153
2025-01-13 14:00:00,23.736468025616308
2025-01-13 15:00:00,23.051851327167324
2025-01-13 16:00:00,19.89549203017926
2025-01-13 17:00:00,20.58663691654391
2025-01-13 18:00:00,26.388324478942124
2025-01-13 19:00:00,17.04214305582085
2025-01-13 20:00:00,22.735486905850188
2025-01-13 21:00:00,18.98903673783053
2025-01-13 22:00:00,18.9115939838639
2025-01-13 23:00:00,25.49388425993595
2025-01-14 00:00:00,24.12708174494015
2025-01-14 01:00:00,24.067548180003193
2025-01-14 02:00:00,26.527394035771646
2025-01-14 03:00:00,20.105019208163796
2025-01-14 04:00:00,23.40976485647482
2025-01-14 05:00:00,18.44866621703272
2025-01-14 06:00:00,21.62083176244221
2025-01-14 07:00:00,19.349284728161578
2025-01-14 08:00:00,20.48497982496359
2025-01-14 09:00:00,22.97578512718457
2025-01-14 10:00:00,15.908896583832638
2025-01-14 11:00:00,30.461936378427303
2025-01-14 12:00:00,14.96991309250149
2025-01-14 13:00:00,13.92905693606134
2025-01-14 14:00:00,25.790554367500338
2025-01-14 15:00:00,23.95831346981468
2025-01-14 16:00:00,23.120599085260775
2025-01-14 17:00:00,23.1417275463214
2025-01-14 18:00:00,19.938766135765427
2025-01-14 19:00:00,15.513728142570843
2025-01-14 20:00:00,20.37902279096863
2025-01-14 21:00:00,16.61419144243944
2025-01-14 22:00:00,24.875598667088756
2025-01-14 23:00:00,19.264713092489306
2025-01-15 00:00:00,15.872514016037442
2025-01-15 01:00:00,18.393070791735035
2025-01-15 02:00:00,22.06465727137812
2025-01-15 03:00:00,17.181377235980126
2025-01-15 04:00:00,15.888898022167844
2025-01-15 05:00:00,21.218436057459563
2025-01-15 06:00:00,21.224832855543614
2025-01-15 07:00:00,17.46528412314435
2025-01-15 08:00:00,17.644808471908387
2025-01-15 09:00:00,21.16024968678818
2025-01-15 10:00:00,12.759578292513378
2025-01-15 11:00:00,12.962681128117223
2025-01-15 12:00:00,16.40777889373782
2025-01-15 13:00:00,18.932764241440765
2025-01-15 14:00:00,21.554537827990025
2025-01-15 15:00:00,27.376781084747762
2025-01-15 16:00:00,24.288298116010097
2025-01-15 17:00:00,19.200307350182864
2025-01-15 18:00:00,19.904918960486555
2025-01-15 19:00:00,14.987353176810956
2025-01-15 20:00:00,19.90743432003805
2025-01-15 21:00:00,18.55670680539931
2025-01-15 22:00:00,21.613592801690448
2025-01-15 23:00:00,15.863845282238385
2025-01-16 00:00:00,22.596732571205862
2025-01-16 01:00:00,27.66369456501289
2025-01-16 02:00:00,19.456199257715713
2025-01-16 03:00:00,22.008558610494706
2025-01-16 04:00:00,23.450719958555563
2025-01-16 05:00:00,17.993897640570818
2025-01-16 06:00:00,21.120462409052084
2025-01-16 07:00:00,20.062962003908975
2025-01-16 08:00:00,20.48838049274416
2025-01-16 09:00:00,16.13495108072267
2025-01-16 10:00:00,20.122550871294713
2025-01-16 11:00:00,22.489991456227248
2025-01-16 12:00:00,27.25571803897521
2025-01-16 13:00:00,24.796354130426035
2025-01-16 14:00:00,30.765912287557782
2025-01-16 15:00:00,16.163262185559752
2025-01-16 16:00:00,24.361603183603393
2025-01-16 17:00:00,20.91671002869176
2025-01-16 18:00:00,30.94901466608836
2025-01-16 19:00:00,15.958508573224243
2025-01-16 20:00:00,15.80139078909612
2025-01-16 21:00:00,17.00303677277989
2025-01-16 22:00:00,9.380521378450965
2025-01-16 23:00:00,17.371224891596196
2025-01-17 00:00:00,16.20433669223151
2025-01-17 01:00:00,20.75196893238104
2025-01-17 02:00:00,21.708779878885796
2025-01-17 03:00:00,29.380854196079433
2025-01-17 04:00:00,24.75211919093025
2025-01-17 05:00:00,17.115481721687985
2025-01-17 06:00:00,15.50792664325821
2025-01-17 07:00:00,22.459595857532527
2025-01-17 08:00:00,13.398833964896788
2025-01-17 09:00:00,29.15729382927177
2025-01-17 10:00:00,25.897200603606436
2025-01-17 11:00:00,17.654121739476476
2025-01-17 12:00:00,11.434327354545612
2025-01-17 13:00:00,26.769361870827062
2025-01-17 14:00:00,19.42730077373691
2025-01-17 15:00:00,26.189081559867308
2025-01-17 16:00:00,12.027861706028165
2025-01-17 17:00:00,17.003124885231134
2025-01-17 18:00:00,20.026218498590914
2025-01-17 19:00:00,20.23490296882371
2025-01-17 20:00:00,17.74967264260378
2025-01-17 21:00:00,23.114249661737492
2025-01-17 22:00:00,14.661897853087028
2025-01-17 23:00:00,19.288102574893532
2025-01-18 00:00:00,20.601478158559495
2025-01-18 01:00:00,22.572194170293745
2025-01-18 02:00:00,23.55807439044445
2025-01-18 03:00:00,14.376789540810654
2025-01-18 04:00:00,12.329429146321889
2025-01-18 05:00:00,26.388384109492545
2025-01-18 06:00:00,21.661570059897958
2025-01-18 07:00:00,16.25756731721723
2025-01-18 08:00:00,27.755759877612615
2025-01-18 09:00:00,20.578373171464293
2025-01-18 10:00:00,25.896485920319133
2025-01-18 11:00:00,20.337592407050543
2025-01-18 12:00:00,30.303739624409936
2025-01-18 13:00:00,28.77670421221602
2025-01-18 14:00:00,18.75517925760463
2025-01-18 15:00:00,24.85785475477178
2025-01-18 16:00:00,23.226879747925736
2025-01-18 17:00:00,26.843157787661745
2025-01-18 18:00:00,15.175382697099478
2025-01-18 19:00:00,23.430257299992196
2025-01-18 20:00:00,25.29212243424794
2025-01-18 21:00:00,11.206302567884428
2025-01-18 22:00:00,14.083707436671125
2025-01-18 23:00:00,9.803839111199498
2025-01-19 00:00:00,18.652965827777212
2025-01-19 01:00:00,23.58771127897981
2025-01-19 02:00:00,27.51178526048014
2025-01-19 03:00:00,20.370473902098876
2025-01-19 04:00:00,28.143077727856458
2025-01-19 05:00:00,13.099492708925542
2025-01-19 06:00:00,11.483087803224226
2025-01-19 07:00:00,19.722261505516904
2025-01-19 08:00:00,21.920327244696537
2025-01-19 09:00:00,19.836526259529535
2025-01-19 10:00:00,9.662789499800617
2025-01-19 11:00:00,19.55439980243606
2025-01-19 12:00:00,13.477652497475734
2025-01-19 13:00:00,23.348362744150194
2025-01-19 14:00:00,21.83299123048424
2025-01-19 15:00:00,15.300601068363225
2025-01-19 16:00:00,17.430665413316532
2025-01-19 17:00:00,14.703932390555241
2025-01-19 18:00:00,19.68660451363414
2025-01-19 19:00:00,24.775711602506192
2025-01-19 20:00:00,15.071369768322281
2025-01-19 21:00:00,22.520232577589223
2025-01-19 22:00:00,17.348711908137794
2025-01-19 23:00:00,16.03563583868828
2025-01-20 00:00:00,19.464848200227213
2025-01-20 01:00:00,14.823788387903129
2025-01-20 02:00:00,17.23175347326409
2025-01-20 03:00:00,14.010610537055758
2025-01-20 04:00:00,29.823625664581947
2025-01-20 05:00:00,20.176317759858645
2025-01-20 06:00:00,16.50137246003707
2025-01-20 07:00:00,21.06989955367111
2025-01-20 08:00:00,19.43835975154585
2025-01-20 09:00:00,18.895152002333884
2025-01-20 10:00:00,23.070833500217127
2025-01-20 11:00:00,23.787538550236526
2025-01-20 12:00:00,17.34749426194736
2025-01-20 13:00:00,17.1209087967766
2025-01-20 14:00:00,18.62474151424178
2025-01-20 15:00:00,8.490394176322075
2025-01-20 16:00:00,12.42404468900724
2025-01-20 17:00:00,26.834371337222624
2025-01-20 18:00:00,28.224838567506417
2025-01-20 19:00:00,18.75481980221811
2025-01-20 20:00:00,22.882784815278832
2025-01-20 21:00:00,21.556250772717682
2025-01-20 22:00:00,35.39440404227619
2025-01-20 23:00:00,25.597874557172883
2025-01-21 00:00:00,19.360412042596167
2025-01-21 01:00:00,15.222297796997871
2025-01-21 02:00:00,11.967768398712138
2025-01-21 03:00:00,21.017318179336115
2025-01-21 04:00:00,16.218246273578483
2025-01-21 05:00:00,12.88873145201163
2025-01-21 06:00:00,16.767135578787368
2025-01-21 07:00:00,14.592259981928025
2025-01-21 08:00:00,28.435708175362823
2025-01-21 09:00:00,24.408198784747253
2025-01-21 10:00:00,19.960136793416915
2025-01-21 11:00:00,27.39972069445013
2025-01-21 12:00:00,20.38684153823809
2025-01-21 13:00:00,15.693578993358681
2025-01-21 14:00:00,27.615620386348287
2025-01-21 15:00:00,22.694550218423295
2025-01-21 16:00:00,14.813769228367718
2025-01-21 17:00:00,19.04830660958196
2025-01-21 18:00:00,15.621908733076214
2025-01-21 19:00:00,13.08600134517832
2025-01-21 20:00:00,24.630887737658206
2025-01-21 21:00:00,29.547083202350652
2025-01-21 22:00:00,13.007162130904295
2025-01-21 23:00:00,22.814846183452854
2025-01-22 00:00:00,16.746787154390866
2025-01-22 01:00:00,17.56437308117652
2025-01-22 02:00:00,17.038030378805654
2025-01-22 03:00:00,15.68004615160092
2025-01-22 04:00:00,20.242608139724133
2025-01-22 05:00:00,15.84524941794481
2025-01-22 06:00:00,21.352284128899193
2025-01-22 07:00:00,19.748809452754315
2025-01-22 08:00:00,18.80525976566795
2025-01-22 09:00:00,15.462181689792011
2025-01-22 10:00:00,17.116143347158335
2025-01-22 11:00:00,23.77695612912878
2025-01-22 12:00:00,22.504585938121902
2025-01-22 13:00:00,15.112223776007244
2025-01-22 14:00:00,20.49666152714613
2025-01-22 15:00:00,23.756935616858947
2025-01-22 16:00:00,11.652973594393142
2025-01-22 17:00:00,22.716800961899676
2025-01-22 18:00:00,16.686881205270765
2025-01-22 19:00:00,22.852993342965796
2025-01-22 20:00:00,16.183704217287417
2025-01-22 21:00:00,10.975589496677404
2025-01-22 22:00:00,11.862287810584187
2025-01-22 23:00:00,20.24042473330691
2025-01-23 00:00:00,21.29861250860741
2025-01-23 01:00:00,15.478416874477958
2025-01-23 02:00:00,23.19296229388687
2025-01-23 03:00:00,11.6923996886552
2025-01-23 04:00:00,19.66960100676342
2025-01-23 05:00:00,13.944919001187717
2025-01-23 06:00:00,16.740819460989204
2025-01-23 07:00:00,20.23699335658207
2025-01-23 08:00:00,15.697933173580239
2025-01-23 09:00:00,18.077222278850872
2025-01-23 10:00:00,25.0314640460722
2025-01-23 11:00:00,17.115540652384254
2025-01-23 12:00:00,24.17846056032571
2025-01-23 13:00:00,14.35146572671191
2025-01-23 14:00:00,22.649020889576413
2025-01-23 15:00:00,27.207843103289502
2025-01-23 16:00:00,7.6417774993635526
2025-01-23 17:00:00,16.015523722647615
2025-01-23 18:00:00,22.8853606359027
2025-01-23 19:00:00,18.984773069785035
2025-01-23 20:00:00,21.855729366856544
2025-01-23 21:00:00,16.980074066420897
2025-01-23 22:00:00,20.4329489373645
2025-01-23 23:00:00,19.221613823039604
2025-01-24 00:00:00,25.838910308299035
2025-01-24 01:00:00,21.272104216506065
2025-01-24 02:00:00,21.68801331037601
2025-01-24 03:00:00,17.940615169387662
2025-01-24 04:00:00,17.561968879637533
2025-01-24 05:00:00,17.837209060901895
2025-01-24 06:00:00,21.972260711891483
2025-01-24 07:00:00,17.895077595898684
2025-01-24 08:00:00,21.448874284482066
2025-01-24 09:00:00,30.377003993227195
2025-01-24 10:00:00,24.355623517158463
2025-01-24 11:00:00,18.369882339160796
2025-01-24 12:00:00,26.006069610819722
2025-01-24 13:00:00,17.959623134892244
2025-01-24 14:00:00,9.80937732411073
2025-01-24 15:00:00,14.95956844541298
2025-01-24 16:00:00,10.646040394870722
2025-01-24 17:00:00,18.24243257979346
2025-01-24 18:00:00,20.092091895947757
2025-01-24 19:00:00,28.382186561376415
2025-01-24 20:00:00,21.634636868820813
2025-01-24 21:00:00,18.90449735595568
2025-01-24 22:00:00,24.147027905917447
2025-01-24 23:00:00,8.944323454960575
2025-01-25 00:00:00,21.178072790542828
2025-01-25 01:00:00,23.854325969434832
2025-01-25 02:00:00,12.607068771100792
2025-01-25 03:00:00,25.718770216034645
2025-01-25 04:00:00,21.69248203747207
2025-01-25 05:00:00,17.923560430495993
2025-01-25 06:00:00,23.163909330531425
2025-01-25 07:00:00,31.35346428902198
2025-01-25 08:00:00,20.909331275292477
2025-01-25 09:00:00,21.24110293150168
2025-01-25 10:00:00,17.70319550229878
2025-01-25 11:00:00,15.750778152676041
2025-01-25 12:00:00,24.151679082721227
2025-01-25 13:00:00,15.719580870455664
2025-01-25 14:00:00,20.357831186096963
2025-01-25 15:00:00,17.611712766174417
2025-01-25 16:00:00,22.39489912873196
2025-01-25 17:00:00,21.66831052643474
2025-01-25 18:00:00,25.187699721289498
2025-01-25 19:00:00,17.449918005726264
2025-01-25 20:00:00,18.650625323533145
2025-01-25 21:00:00,15.106181421088463
2025-01-25 22:00:00,17.77853369961944
2025-01-25 23:00:00,21.88650246522426
2025-01-26 00:00:00,23.78494308322676
2025-01-26 01:00:00,15.389173379111874
2025-01-26 02:00:00,24.3480296005283
2025-01-26 03:00:00,26.778189294024756
2025-01-26 04:00:00,22.067174516118506
2025-01-26 05:00:00,29.38397906279033
2025-01-26 06:00:00,16.131054004482134
2025-01-26 07:00:00,13.776726483442914
2025-01-26 08:00:00,11.106398755478606
2025-01-26 09:00:00,27.480221557445915
2025-01-26 10:00:00,23.27182828177029
2025-01-26 11:00:00,19.722076645447725
2025-01-26 12:00:00,21.399843131599102
2025-01-26 13:00:00,14.372554763508116
2025-01-26 14:00:00,32.228759898084135
2025-01-26 15:00:00,20.646105909876137
2025-01-26 16:00:00,20.546973973024464
2025-01-26 17:00:00,23.62883311949346
2025-01-26 18:00:00,22.405046158683568
2025-01-26 19:00:00,21.119420121395656
2025-01-26 20:00:00,16.04762772277344
2025-01-26 21:00:00,22.357341785679978
2025-01-26 22:00:00,29.41012248237517
2025-01-26 23:00:00,26.727100230774887
2025-01-27 00:00:00,27.965933133196984
2025-01-27 01:00:00,17.443921617844076
2025-01-27 02:00:00,15.051975898707095
2025-01-27 03:00:00,19.37106539950176
2025-01-27 04:00:00,20.278624561443472
2025-01-27 05:00:00,25.470957592354743
2025-01-27 06:00:00,11.537676851425903
2025-01-27 07:00:00,27.64775159730307
2025-01-27 08:00:00,19.209960507105052
2025-01-27 09:00:00,17.8655946502629
2025-01-27 10:00:00,14.939478123699162
2025-01-27 11:00:00,11.725716640671154
2025-01-27 12:00:00,24.115852919809573
2025-01-27 13:00:00,20.36658983594202
2025-01-27 14:00:00,13.55019550129473
2025-01-27 15:00:00,13.52460613968192
2025-01-27 16:00:00,18.32107650354936
2025-01-27 17:00:00,28.345107626446964
2025-01-27 18:00:00,18.702043243181976
2025-01-27 19:00:00,12.48428523440947
2025-01-27 20:00:00,18.77128467957028
2025-01-27 21:00:00,18.636382151261646
2025-01-27 22:00:00,6.515566785292142
2025-01-27 23:00:00,19.72852566741094
2025-01-28 00:00:00,18.84532734895661
2025-01-28 01:00:00,23.48103182406709
2025-01-28 02:00:00,29.244780474726724
2025-01-28 03:00:00,25.632825147738785
2025-01-28 04:00:00,18.655556547225846
2025-01-28 05:00:00,14.467370456291649
2025-01-28 06:00:00,32.8667990162493
2025-01-28 07:00:00,20.29609217007244
2025-01-28 08:00:00,20.06964645956473
2025-01-28 09:00:00,19.879374564449982
2025-01-28 10:00:00,20.990423803839274
2025-01-28 11:00:00,19.278197940380288
2025-01-28 12:00:00,17.131689965598817
2025-01-28 13:00:00,17.26570529379804
2025-01-28 14:00:00,19.836233648920008
2025-01-28 15:00:00,17.282876144331176
2025-01-28 16:00:00,16.435771086614178
2025-01-28 17:00:00,20.532151138459483
2025-01-28 18:00:00,18.725113912895722
2025-01-28 19:00:00,27.519964942913443
2025-01-28 20:00:00,6.745150958034941
2025-01-28 21:00:00,25.45753425961231
2025-01-28 22:00:00,26.230425962488145
2025-01-28 23:00:00,9.633048837959253
2025-01-29 00:00:00,18.286562029598258
2025-01-29 01:00:00,18.142795670021044
2025-01-29 02:00:00,12.962441526410894
2025-01-29 03:00:00,16.110916562045624
2025-01-29 04:00:00,14.447120772670857
2025-01-29 05:00:00,28.761352217118116
2025-01-29 06:00:00,24.678391965737305
2025-01-29 07:00:00,26.357775474970794
2025-01-29 08:00:00,23.608360320216175
2025-01-29 09:00:00,14.354741143913854
2025-01-29 10:00:00,17.37739866860113
2025-01-29 11:00:00,22.44687280613959
2025-01-29 12:00:00,13.889360955540273
2025-01-29 13:00:00,23.56499215086194
2025-01-29 14:00:00,18.798373009209325
2025-01-29 15:00:00,18.125895962252013
2025-01-29 16:00:00,23.554799841017456
2025-01-29 17:00:00,22.2213165574302
2025-01-29 18:00:00,18.1951691709046
2025-01-29 19:00:00,25.79664901682124
2025-01-29 20:00:00,14.594683362000513
2025-01-29 21:00:00,23.07967803472132
2025-01-29 22:00:00,22.96550628984192
2025-01-29 23:00:00,18.452267803430047
2025-01-30 00:00:00,21.63066511121059
2025-01-30 01:00:00,13.744432118073485
2025-01-30 02:00:00,24.620135096034506
2025-01-30 03:00:00,19.075489317785056
2025-01-30 04:00:00,17.386384897404803
2025-01-30 05:00:00,25.245046129184445
2025-01-30 06:00:00,16.478281547286205
2025-01-30 07:00:00,12.957693518182202
2025-01-30 08:00:00,12.216854132380481
2025-01-30 09:00:00,23.030049756728197
2025-01-30 10:00:00,13.597853237518585
2025-01-30 11:00:00,28.77397090992182
2025-01-30 12:00:00,9.59035296058139
2025-01-30 13:00:00,28.48228184145019
2025-01-30 14:00:00,21.05508733601309
2025-01-30 15:00:00,19.516434440648037
2025-01-30 16:00:00,17.275404565955252
2025-01-30 17:00:00,21.995680571760353
2025-01-30 18:00:00,19.81182648787576
2025-01-30 19:00:00,25.516509410082605
2025-01-30 20:00:00,20.571138243310198
2025-01-30 21:00:00,20.75150880730939
2025-01-30 22:00:00,18.18193893893072
2025-01-30 23:00:00,19.715271881394663
2025-01-31 00:00:00,21.539008844460295
2025-01-31 01:00:00,11.449158036716872
2025-01-31 02:00:00,13.259072889471435
2025-01-31 03:00:00,23.716320470113576
2025-01-31 04:00:00,20.854327190639708
2025-01-31 05:00:00,19.080083318236603
2025-01-31 06:00:00,20.092169665326967
2025-01-31 07:00:00,21.737908526808354
2025-01-31 08:00:00,17.301201598453193
2025-01-31 09:00:00,16.108476372988438
2025-01-31 10:00:00,20.979226275488408
2025-01-31 11:00:00,15.10813611192484
2025-01-31 12:00:00,22.041263778572358
2025-01-31 13:00:00,11.487081978810798
2025-01-31 14:00:00,25.14577818662822
2025-01-31 15:00:00,22.362987412065216
2025-01-31 16:00:00,21.28014867156938
2025-01-31 17:00:00,24.91345491972757
2025-01-31 18:00:00,28.32737222231288
2025-01-31 19:00:00,25.07185032509065
2025-01-31 20:00:00,10.795628843341774
2025-01-31 21:00:00,13.602115166321493
2025-01-31 22:00:00,16.875907111521606
2025-01-31 23:00:00,20.13045525105417
2025-02-01 00:00:00,22.588295102345615
2025-02-01 01:00:00,16.371280934232672
2025-02-01 02:00:00,20.93383382238539
2025-02-01 03:00:00,16.22308533823339
2025-02-01 04:00:00,16.942410985040258
2025-02-01 05:00:00,12.966694515758888
2025-02-01 06:00:00,15.383833769445479
2025-02-01 07:00:00,13.241576971918331
2025-02-01 08:00:00,15.120633735113337
2025-02-01 09:00:00,25.268208983039198
2025-02-01 10:00:00,15.253005555840286
2025-02-01 11:00:00,33.161910324186955
2025-02-01 12:00:00,22.466589504404446
2025-02-01 13:00:00,20.92418061847437
2025-02-01 14:00:00,15.708211099093933
2025-02-01 15:00:00,23.501549397044958
2025-02-01 16:00:00,17.12181086881113
2025-02-01 17:00:00,20.610049073226808
2025-02-01 18:00:00,32.800422691343975
2025-02-01 19:00:00,19.51970050137675
2025-02-01 20:00:00,25.74636663142838
2025-02-01 21:00:00,16.48411787437056
2025-02-01 22:00:00,19.82505754751519
2025-02-01 23:00:00,28.85400317817755
2025-02-02 00:00:00,16.865164711061162
2025-02-02 01:00:00,29.062242789984644
2025-02-02 02:00:00,23.538759677277376
2025-02-02 03:00:00,17.18766612052866
2025-02-02 04:00:00,23.162038695277605
2025-02-02 05:00:00,24.86277224813365
2025-02-02 06:00:00,23.10904981108598
2025-02-02 07:00:00,12.148876400547717
2025-02-02 08:00:00,16.364314120875658
2025-02-02 09:00:00,18.762406822242475
2025-02-02 10:00:00,19.62783285449977
2025-02-02 11:00:00,23.103360487753392
2025-02-02 12:00:00,20.888505004666268
2025-02-02 13:00:00,13.323278206449494
2025-02-02 14:00:00,21.900989255029817
2025-02-02 15:00:00,23.052928726419115
2025-02-02 16:00:00,22.7989522396552
2025-02-02 17:00:00,25.403903627773108
2025-02-02 18:00:00,24.16961077274452
2025-02-02 19:00:00,22.295900396142184
2025-02-02 20:00:00,19.649171442706766
2025-02-02 21:00:00,11.695195332420043
2025-02-02 22:00:00,22.148091095662927
2025-02-02 23:00:00,21.038438435815557
2025-02-03 00:00:00,21.357894185976868
2025-02-03 01:00:00,13.616257120898453
2025-02-03 02:00:00,14.594717297958688
2025-02-03 03:00:00,25.26576426666452
2025-02-03 04:00:00,19.802224230716725
2025-02-03 05:00:00,23.40750348686312
2025-02-03 06:00:00,20.141591880652307
2025-02-03 07:00:00,20.148780697478728
2025-02-03 08:00:00,24.691419029879988
2025-02-03 09:00:00,17.41977635891313
2025-02-03 10:00:00,20.480603884704916
2025-02-03 11:00:00,17.688623556474788
2025-02-03 12:00:00,17.82751886283842
2025-02-03 13:00:00,18.454139382656802
2025-02-03 14:00:00,21.110668858168566
2025-02-03 15:00:00,17.606256891682612
2025-02-03 16:00:00,26.278780627867604
2025-02-03 17:00:00,15.526963488902481
2025-02-03 18:00:00,19.065641779193204
2025-02-03 19:00:00,17.801344708629124
2025-02-03 20:00:00,27.234889421768663
2025-02-03 21:00:00,20.982773882557872
2025-02-03 22:00:00,25.159222697343175
2025-02-03 23:00:00,12.57219813481514
2025-02-04 00:00:00,21.335251329346296
2025-02-04 01:00:00,24.448153978117183
2025-02-04 02:00:00,20.41141994637712
2025-02-04 03:00:00,25.327401875326757
2025-02-04 04:00:00,17.41355774949814
2025-02-04 05:00:00,27.0467372009279
2025-02-04 06:00:00,31.49449061809625
2025-02-04 07:00:00,18.185807197801704
2025-02-04 08:00:00,17.77248739299614
2025-02-04 09:00:00,27.266922385588504
2025-02-04 10:00:00,27.897860728653562
2025-02-04 11:00:00,17.385699864233658
2025-02-04 12:00:00,17.899065914520712
2025-02-04 13:00:00,18.591076955697464
2025-02-04 14:00:00,13.277747444828615
2025-02-04 15:00:00,15.406740267579009
2025-02-04 16:00:00,14.97929616623966
2025-02-04 17:00:00,16.161012174479357
2025-02-04 18:00:00,19.826575563066093
2025-02-04 19:00:00,21.171073662682602
2025-02-04 20:00:00,27.752502464070385
2025-02-04 21:00:00,15.008229796306045
2025-02-04 22:00:00,24.921611992382918
2025-02-04 23:00:00,18.930055778872454
2025-02-05 00:00:00,19.752681451737836
2025-02-05 01:00:00,23.37409746083302
2025-02-05 02:00:00,14.386389892188507
2025-02-05 03:00:00,21.912048730920255
2025-02-05 04:00:00,20.83226104106528
2025-02-05 05:00:00,22.462256320040744
2025-02-05 06:00:00,21.44584321953909
2025-02-05 07:00:00,32.276500699554475
2025-02-05 08:00:00,16.81130007874342
2025-02-05 09:00:00,17.345015224990913
2025-02-05 10:00:00,16.88429736787618
2025-02-05 11:00:00,17.222614404198726
2025-02-05 12:00:00,16.81306436346741
2025-02-05 13:00:00,25.94508265553776
2025-02-05 14:00:00,27.102521239949276
2025-02-05 15:00:00,17.14626853125262
2025-02-05 16:00:00,15.838222134478857
2025-02-05 17:00:00,22.35707778193202
2025-02-05 18:00:00,17.238884778595143
2025-02-05 19:00:00,23.164659088777555
2025-02-05 20:00:00,21.0146151042565
2025-02-05 21:00:00,12.42127942501384
2025-02-05 22:00:00,27.737526006650306
2025-02-05 23:00:00,28.97938836547761
2025-02-06 00:00:00,16.93605654757807
2025-02-06 01:00:00,18.061492200320078
2025-02-06 02:00:00,21.429326953624525
2025-02-06 03:00:00,21.672283949935125
2025-02-06 04:00:00,23.29272136336415
2025-02-06 05:00:00,30.051022693831747
2025-02-06 06:00:00,19.11526386252975
2025-02-06 07:00:00,16.00851377730773
2025-02-06 08:00:00,13.103403859927365
2025-02-06 09:00:00,16.345349800290403
2025-02-06 10:00:00,19.834365135631014
2025-02-06 11:00:00,28.97278931758894
2025-02-06 12:00:00,17.411943504819142
2025-02-06 13:00:00,21.118939758194493
2025-02-06 14:00:00,19.91788551963624
2025-02-06 15:00:00,25.94196636724042
2025-02-06 16:00:00,32.63466212936811
2025-02-06 17:00:00,17.345656135398396
2025-02-06 18:00:00,17.55280278740889
2025-02-06 19:00:00,25.22080438534536
2025-02-06 20:00:00,23.40945744813156
2025-02-06 21:00:00,29.23353662868017
2025-02-06 22:00:00,22.919640926629818
2025-02-06 23:00:00,18.203539546064704
2025-02-07 00:00:00,22.953274153461546
2025-02-07 01:00:00,25.543517902914537
2025-02-07 02:00:00,24.102410905986822
2025-02-07 03:00:00,22.53637015553649
2025-02-07 04:00:00,25.333373447945768
2025-02-07 05:00:00,25.846477952228362
2025-02-07 06:00:00,26.910794955187637
2025-02-07 07:00:00,23.243549437948214
2025-02-07 08:00:00,19.164409598415727
2025-02-07 09:00:00,20.733568432166614
2025-02-07 10:00:00,26.032544832541785
2025-02-07 11:00:00,15.91532164506382
2025-02-07 12:00:00,21.843366544364507
2025-02-07 13:00:00,18.033305938363196
2025-02-07 14:00:00,20.143724114674086
2025-02-07 15:00:00,26.392259313036494
2025-02-07 16:00:00,20.955495340099517
2025-02-07 17:00:00,20.232182740780743
2025-02-07 18:00:00,13.200719295100404
2025-02-07 19:00:00,23.731267830136105
2025-02-07 20:00:00,23.227420905705376
2025-02-07 21:00:00,30.8162736165273
2025-02-07 22:00:00,18.461108825234994
2025-02-07 23:00:00,21.095751638319694
2025-02-08 00:00:00,21.246918418553776
2025-02-08 01:00:00,27.887266398817374
2025-02-08 02:00:00,19.523522338065238
2025-02-08 03:00:00,21.395107628851697
2025-02-08 04:00:00,23.039482548582697
2025-02-08 05:00:00,20.93304561578179
2025-02-08 06:00:00,17.767831927247357
2025-02-08 07:00:00,20.97044996449154
2025-02-08 08:00:00,25.36815874929886
2025-02-08 09:00:00,14.8674235029447
2025-02-08 10:00:00,20.66484837073438
2025-02-08 11:00:00,16.499395925304135
2025-02-08 12:00:00,25.975233144624212
2025-02-08 13:00:00,12.384065476081126
2025-02-08 14:00:00,17.205390763642058
2025-02-08 15:00:00,21.886059375322603
2025-02-08 16:00:00,27.827620146171704
2025-02-08 17:00:00,19.67124869463506
2025-02-08 18:00:00,17.22400236653401
2025-02-08 19:00:00,29.40578534720295
2025-02-08 20:00:00,12.75993049791878
2025-02-08 21:00:00,9.005970216899591
2025-02-08 22:00:00,22.20007225026666
2025-02-08 23:00:00,17.489728878236946
2025-02-09 00:00:00,14.893835914346434
2025-02-09 01:00:00,23.541782236496765
2025-02-09 02:00:00,21.219003568855996
2025-02-09 03:00:00,17.179606846316357
2025-02-09 04:00:00,13.598478006645529
2025-02-09 05:00:00,24.362286641400722
2025-02-09 06:00:00,23.251005889793305
2025-02-09 07:00:00,19.504120681103085
2025-02-09 08:00:00,29.233184980238327
2025-02-09 09:00:00,14.649576168369236
2025-02-09 10:00:00,12.372374145376305
2025-02-09 11:00:00,16.540459650593778
2025-02-09 12:00:00,19.77206991822251
2025-02-09 13:00:00,21.21669724661346
2025-02-09 14:00:00,18.79381971071835
2025-02-09 15:00:00,21.760276982571483
2025-02-09 16:00:00,13.74230287904778
2025-02-09 17:00:00,27.218823020366298
2025-02-09 18:00:00,19.589244108037157
2025-02-09 19:00:00,25.586479157940637
2025-02-09 20:00:00,21.71362673188852
2025-02-09 21:00:00,22.283766095768918
2025-02-09 22:00:00,22.84883640116102
2025-02-09 23:00:00,22.238542800086574
2025-02-10 00:00:00,23.21361379933772
2025-02-10 01:00:00,26.645762650662157
2025-02-10 02:00:00,20.98260584850735
2025-02-10 03:00:00,23.54501878794256
2025-02-10 04:00:00,19.551321528563868
2025-02-10 05:00:00,27.200586077247365
2025-02-10 06:00:00,16.61803848970365
2025-02-10 07:00:00,29.00470216455408
2025-02-10 08:00:00,19.799210246778284
2025-02-10 09:00:00,12.84612448940976
2025-02-10 10:00:00,20.640522074553946
2025-02-10 11:00:00,16.594741712625595
2025-02-10 12:00:00,24.203217744943622
2025-02-10 13:00:00,16.736880103488044
2025-02-10 14:00:00,17.769082833926102
2025-02-10 15:00:00,10.552296345272346
2025-02-10 16:00:00,17.738468403754617
2025-02-10 17:00:00,7.880603366855217
2025-02-10 18:00:00,12.080485882571384
2025-02-10 19:00:00,23.802073280721487
2025-02-10 20:00:00,23.92900079325416
2025-02-10 21:00:00,22.127287808924823
2025-02-10 22:00:00,15.165119284353935
2025-02-10 23:00:00,19.7614432192901
2025-02-11 00:00:00,19.981987304547157
2025-02-11 01:00:00,14.208176554037287
2025-02-11 02:00:00,27.51699150883575
2025-02-11 03:00:00,24.386811452878355
2025-02-11 04:00:00,18.89517913085168
2025-02-11 05:00:00,20.134429194972654
2025-02-11 06:00:00,21.04191403973776
2025-02-11 07:00:00,9.791325657878547
2025-02-11 08:00:00,18.764113087397014
2025-02-11 09:00:00,16.590078760011007
2025-02-11 10:00:00,14.991899950525422
2025-02-11 11:00:00,18.594498535570224
2025-02-11 12:00:00,28.988432634247612
2025-02-11 13:00:00,23.20421430633505
2025-02-11 14:00:00,17.144105051086015
2025-02-11 15:00:00,22.862913906780793
2025-02-11 16:00:00,26.99677718293001
2025-02-11 17:00:00,24.623168414563843
2025-02-11 18:00:00,20.29815184960087
2025-02-11 19:00:00,16.76531611147213
2025-02-11 20:00:00,23.491116568067948
2025-02-11 21:00:00,21.967426927108747
2025-02-11 22:00:00,24.475966100138663
2025-02-11 23:00:00,23.175859008409848
2025-02-12 00:00:00,25.247763576596675
2025-02-12 01:00:00,17.32382394219716
2025-02-12 02:00:00,26.586970328171628
2025-02-12 03:00:00,20.987998023461998
2025-02-12 04:00:00,30.376304363126327
2025-02-12 05:00:00,16.55406090955216
2025-02-12 06:00:00,28.679819015826247
2025-02-12 07:00:00,20.989553917313238
2025-02-12 08:00:00,16.74290998192776
2025-02-12 09:00:00,17.58057082972839
2025-02-12 10:00:00,18.3982634590284
2025-02-12 11:00:00,22.120829732009582
2025-02-12 12:00:00,22.6141774401775
2025-02-12 13:00:00,17.131499980307105
2025-02-12 14:00:00,19.878227038695087
2025-02-12 15:00:00,30.71135179305932
2025-02-12 16:00:00,28.637715850503557
2025-02-12 17:00:00,22.18161834837016
2025-02-12 18:00:00,20.190017390841
2025-02-12 19:00:00,20.600156633591308
2025-02-12 20:00:00,23.06758986365208
2025-02-12 21:00:00,14.886037174007972
2025-02-12 22:00:00,18.713117312883274
2025-02-12 23:00:00,11.657079630612053
2025-02-13 00:00:00,21.996115613026397
2025-02-13 01:00:00,23.235979698513706
2025-02-13 02:00:00,17.58406768850313
2025-02-13 03:00:00,27.869933816450164
2025-02-13 04:00:00,13.871171684988294
2025-02-13 05:00:00,12.6781255989509
2025-02-13 06:00:00,21.12225909279986
2025-02-13 07:00:00,25.235491513060772
2025-02-13 08:00:00,28.419638457289345
2025-02-13 09:00:00,17.7055786856553
2025-02-13 10:00:00,25.39340416715648
2025-02-13 11:00:00,19.807457652496463
2025-02-13 12:00:00,19.136863500295902
2025-02-13 13:00:00,24.41829968743336
2025-02-13 14:00:00,23.2616143920671
2025-02-13 15:00:00,12.118039215078753
2025-02-13 16:00:00,27.38270174862948
2025-02-13 17:00:00,26.900456770737257
2025-02-13 18:00:00,16.872186492452354
2025-02-13 19:00:00,21.979017667187044
2025-02-13 20:00:00,22.470150931413695
2025-02-13 21:00:00,21.303368829119535
2025-02-13 22:00:00,17.2484742307729
2025-02-13 23:00:00,16.641883160309742
2025-02-14 00:00:00,19.872229645042772
2025-02-14 01:00:00,25.86364509629682
2025-02-14 02:00:00,22.71800077297216
2025-02-14 03:00:00,18.14692833956947
2025-02-14 04:00:00,23.858493553241722
2025-02-14 05:00:00,5.757286896849623
2025-02-14 06:00:00,25.743828501860516
2025-02-14 07:00:00,11.301431106109503
2025-02-14 08:00:00,18.18779529298434
2025-02-14 09:00:00,14.40165052686928
2025-02-14 10:00:00,13.526592621395471
2025-02-14 11:00:00,25.804133936892597
2025-02-14 12:00:00,17.661493993440544
2025-02-14 13:00:00,21.73251940865358
2025-02-14 14:00:00,19.76539710560408
2025-02-14 15:00:00,22.385204136115608
2025-02-14 16:00:00,20.384109455301278
2025-02-14 17:00:00,13.585038879057151
2025-02-14 18:00:00,24.9813340972357
2025-02-14 19:00:00,17.531217084193436
2025-02-14 20:00:00,12.217090506701245
2025-02-14 21:00:00,17.859424195170437
2025-02-14 22:00:00,27.503798953171554
2025-02-14 23:00:00,24.251108710567465
2025-02-15 00:00:00,18.256739327960705
2025-02-15 01:00:00,18.253711478407855
2025-02-15 02:00:00,18.391824743913087
2025-02-15 03:00:00,30.383739917804206
2025-02-15 04:00:00,21.909677261157768
2025-02-15 05:00:00,22.150208235955347
2025-02-15 06:00:00,25.15141727015921
2025-02-15 07:00:00,21.193945795132567
2025-02-15 08:00:00,18.704789270896484
2025-02-15 09:00:00,19.01825075457511
2025-02-15 10:00:00,19.641993702929682
2025-02-15 11:00:00,19.813888817450792
2025-02-15 12:00:00,23.6381477181849
2025-02-15 13:00:00,20.259729429036497
2025-02-15 14:00:00,23.663200386077897
2025-02-15 15:00:00,19.59641709945709
2025-02-15 16:00:00,20.393175951580453
2025-02-15 17:00:00,10.008996577339461
2025-02-15 18:00:00,24.58163837351241
2025-02-15 19:00:00,21.732442379489964
2025-02-15 20:00:00,24.99005054929826
2025-02-15 21:00:00,5.518723109031553
2025-02-15 22:00:00,30.441873523903638
2025-02-15 23:00:00,19.302051859224132
2025-02-16 00:00:00,25.540914083687582
2025-02-16 01:00:00,14.800470364372345
2025-02-16 02:00:00,23.06386952531285
2025-02-16 03:00:00,14.73292218413172
2025-02-16 04:00:00,16.881155196520975
2025-02-16 05:00:00,29.57015676933393
2025-02-16 06:00:00,19.046587996183266
2025-02-16 07:00:00,21.087164365898616
2025-02-16 08:00:00,24.35033865344377
2025-02-16 09:00:00,22.47840943986302
2025-02-16 10:00:00,20.752094525717883
2025-02-16 11:00:00,21.824805012331126
2025-02-16 12:00:00,32.01707792619138
2025-02-16 13:00:00,19.711906014832074
2025-02-16 14:00:00,21.005495233574837
2025-02-16 15:00:00,25.25327198003806
2025-02-16 16:00:00,25.52762966478992
2025-02-16 17:00:00,25.9351515278019
2025-02-16 18:00:00,23.19365111014592
2025-02-16 19:00:00,14.284975436347583
2025-02-16 20:00:00,28.167157661505478
2025-02-16 21:00:00,14.26827303490656
2025-02-16 22:00:00,21.513177326195166
2025-02-16 23:00:00,16.22862074990321
2025-02-17 00:00:00,19.679308267035037
2025-02-17 01:00:00,21.6438120515174
2025-02-17 02:00:00,21.606786077251364
2025-02-17 03:00:00,22.109603771176424
2025-02-17 04:00:00,28.068556345293235
2025-02-17 05:00:00,22.2676715075699
2025-02-17 06:00:00,18.779216823546758
2025-02-17 07:00:00,24.820435841441785
2025-02-17 08:00:00,25.947352444623203
2025-02-17 09:00:00,13.861960924315039
2025-02-17 10:00:00,22.98700034924929
2025-02-17 11:00:00,23.50586371155449
2025-02-17 12:00:00,18.51218248320004
2025-02-17 13:00:00,26.878534066558096
2025-02-17 14:00:00,19.249722064837368
2025-02-17 15:00:00,20.627882267357712
2025-02-17 16:00:00,19.13464087858065
2025-02-17 17:00:00,20.077895237907338
2025-02-17 18:00:00,14.518624565523991
2025-02-17 19:00:00,12.799745587028529
2025-02-17 20:00:00,27.97252531612486
2025-02-17 21:00:00,15.765193258408361
2025-02-17 22:00:00,15.043038252718464
2025-02-17 23:00:00,9.233049431981426
2025-02-18 00:00:00,16.805191261552487
2025-02-18 01:00:00,13.38455103296251
2025-02-18 02:00:00,28.210075800681846
2025-02-18 03:00:00,25.04908544671317
2025-02-18 04:00:00,16.559248274111383
2025-02-18 05:00:00,31.262179026721544
2025-02-18 06:00:00,24.90882743495797
2025-02-18 07:00:00,18.37584308245689
2025-02-18 08:00:00,7.5029714256321345
2025-02-18 09:00:00,31.45471286295371
2025-02-18 10:00:00,13.05213766618202
2025-02-18 11:00:00,11.77300626521554
2025-02-18 12:00:00,25.112852160048202
2025-02-18 13:00:00,32.19876203169636
2025-02-18 14:00:00,26.92136409255259
2025-02-18 15:00:00,22.819545600261797
2025-02-18 16:00:00,22.97377170832643
2025-02-18 17:00:00,24.26707779390154
2025-02-18 18:00:00,23.794642948933827
2025-02-18 19:00:00,21.405957119846878
2025-02-18 20:00:00,20.52100551975938
2025-02-18 21:00:00,19.687034360502388
2025-02-18 22:00:00,16.23017705566662
2025-02-18 23:00:00,18.59662461566613
2025-02-19 00:00:00,11.535215929023073
2025-02-19 01:00:00,19.50830186602625
2025-02-19 02:00:00,15.057044464245413
2025-02-19 03:00:00,14.482053413921145
2025-02-19 04:00:00,20.899470755767393
2025-02-19 05:00:00,26.960011431722997
2025-02-19 06:00:00,24.591583030011563
2025-02-19 07:00:00,12.147496981884114
2025-02-19 08:00:00,15.051859317148313
2025-02-19 09:00:00,24.70385593994108
2025-02-19 10:00:00,15.087563032308452
2025-02-19 11:00:00,18.876834250014877
2025-02-19 12:00:00,22.75026049512276
2025-02-19 13:00:00,15.158277725681824
2025-02-19 14:00:00,20.5268775307298
2025-02-19 15:00:00,13.329872525408977
2025-02-19 16:00:00,16.99316178024393
2025-02-19 17:00:00,21.598909670712686
2025-02-19 18:00:00,12.035031332341653
2025-02-19 19:00:00,22.202373689801995
2025-02-19 20:00:00,19.901811005366593
2025-02-19 21:00:00,22.762449772085738
2025-02-19 22:00:00,21.119570670323306
2025-02-19 23:00:00,26.82070214986922
2025-02-20 00:00:00,20.626122513239537
2025-02-20 01:00:00,17.852972294373735
2025-02-20 02:00:00,20.611487515161418
2025-02-20 03:00:00,22.71649014518194
2025-02-20 04:00:00,20.24430035162852
2025-02-20 05:00:00,20.202958456019413
2025-02-20 06:00:00,16.490041560966223
2025-02-20 07:00:00,16.68549541224526
2025-02-20 08:00:00,12.986973641001534
2025-02-20 09:00:00,28.747883715934698
2025-02-20 10:00:00,13.780683823043574
2025-02-20 11:00:00,16.53547401102046
2025-02-20 12:00:00,16.40796367215401
2025-02-20 13:00:00,24.474621884722207
2025-02-20 14:00:00,18.52525160853986
2025-02-20 15:00:00,26.238710363368668
2025-02-20 16:00:00,16.63254687878066
2025-02-20 17:00:00,21.39497081111901
2025-02-20 18:00:00,15.823264733701214
2025-02-20 19:00:00,30.72574563886694
2025-02-20 20:00:00,14.062007904852436
2025-02-20 21:00:00,21.549103551135136
2025-02-20 22:00:00,23.168884404660492
2025-02-20 23:00:00,22.068995487257492
2025-02-21 00:00:00,19.073561705611457
2025-02-21 01:00:00,19.35089650133287
2025-02-21 02:00:00,20.219057359895547
2025-02-21 03:00:00,19.264989991857558
2025-02-21 04:00:00,24.819395583974547
2025-02-21 05:00:00,31.052615007956756
2025-02-21 06:00:00,17.212541074960832
2025-02-21 07:00:00,13.150985102104611
2025-02-21 08:00:00,19.558589758243727
2025-02-21 09:00:00,32.898546688271594
2025-02-21 10:00:00,15.981627160151346
2025-02-21 11:00:00,28.195584027220338
2025-02-21 12:00:00,28.388504070382204
2025-02-21 13:00:00,17.232058791460027
2025-02-21 14:00:00,22.844915395926378
2025-02-21 15:00:00,28.141983115642688
2025-02-21 16:00:00,18.104361295062564
2025-02-21 17:00:00,18.982098199488192
2025-02-21 18:00:00,17.09159543025678
2025-02-21 19:00:00,14.926216346535666
2025-02-21 20:00:00,16.753612274669965
2025-02-21 21:00:00,13.880298666188718
2025-02-21 22:00:00,20.17041734129613
2025-02-21 23:00:00,16.15013384470679
2025-02-22 00:00:00,21.16892955895374
2025-02-22 01:00:00,12.220521768981865
2025-02-22 02:00:00,21.654401161072286
2025-02-22 03:00:00,24.167644808044624
2025-02-22 04:00:00,10.031321787142723
2025-02-22 05:00:00,21.87028284923786
2025-02-22 06:00:00,26.13834496236646
2025-02-22 07:00:00,13.951794906543974
2025-02-22 08:00:00,28.362861934188516
2025-02-22 09:00:00,22.095095046830227
2025-02-22 10:00:00,16.474940721207957
2025-02-22 11:00:00,19.72115461171147
2025-02-22 12:00:00,22.79163456260861
2025-02-22 13:00:00,20.380026957062057
2025-02-22 14:00:00,22.693779962231847
2025-02-22 15:00:00,15.396632034603169
2025-02-22 16:00:00,20.84680412018039
2025-02-22 17:00:00,12.9314275154751
2025-02-22 18:00:00,19.4438696932565
2025-02-22 19:00:00,15.480461792676051
2025-02-22 20:00:00,16.322350287051165
2025-02-22 21:00:00,26.18046587605219
2025-02-22 22:00:00,25.456550602971344
2025-02-22 23:00:00,23.045690604535885
2025-02-23 00:00:00,14.538436176637106
2025-02-23 01:00:00,18.41795775152599
2025-02-23 02:00:00,26.065488499895917
2025-02-23 03:00:00,20.708584568199523
2025-02-23 04:00:00,31.596647699908473
2025-02-23 05:00:00,21.96658919697186
2025-02-23 06:00:00,20.960245582450156
2025-02-23 07:00:00,18.454417678987493
2025-02-23 08:00:00,20.66770452391141
2025-02-23 09:00:00,19.23765081809728
2025-02-23 10:00:00,23.54054338344295
2025-02-23 11:00:00,24.78351158397292
2025-02-23 12:00:00,16.070052697460252
2025-02-23 13:00:00,13.34383523221111
2025-02-23 14:00:00,10.818973134483517
2025-02-23 15:00:00,22.539956634562717
2025-02-23 16:00:00,14.483166969130632
2025-02-23 17:00:00,9.235547035237586
2025-02-23 18:00:00,21.942893022654822
2025-02-23 19:00:00,32.46499758716395
2025-02-23 20:00:00,19.969645442300532
2025-02-23 21:00:00,24.19245387225821
2025-02-23 22:00:00,20.409146792737825
2025-02-23 23:00:00,19.505551734044285
2025-02-24 00:00:00,24.595382414938843
2025-02-24 01:00:00,18.548627279056742
2025-02-24 02:00:00,21.336961570359513
2025-02-24 03:00:00,21.608489030980067
2025-02-24 04:00:00,16.659547731784755
2025-02-24 05:00:00,24.960211747682614
2025-02-24 06:00:00,19.125201216522957
2025-02-24 07:00:00,16.221274202535778
2025-02-24 08:00:00,22.682549217852017
2025-02-24 09:00:00,15.507660091044814
2025-02-24 10:00:00,20.140905786845643
2025-02-24 11:00:00,19.95440501677898
2025-02-24 12:00:00,25.42947782915789
2025-02-24 13:00:00,22.373491164399763
2025-02-24 14:00:00,19.87486520627428
2025-02-24 15:00:00,24.088831496001436
2025-02-24 16:00:00,26.951037745086566
2025-02-24 17:00:00,22.789051531759313
2025-02-24 18:00:00,20.051763099216902
2025-02-24 19:00:00,13.440818838249202
2025-02-24 20:00:00,14.674431684623137
2025-02-24 21:00:00,18.47387647822666
2025-02-24 22:00:00,16.952438989203586
2025-02-24 23:00:00,19.06514348507277
2025-02-25 00:00:00,20.283249624485535
2025-02-25 01:00:00,22.648463771783653
2025-02-25 02:00:00,19.647506109704544
2025-02-25 03:00:00,22.43250821913101
2025-02-25 04:00:00,20.3223720740506
2025-02-25 05:00:00,10.122667168230643
2025-02-25 06:00:00,15.303323030906228
2025-02-25 07:00:00,19.279562221391924
2025-02-25 08:00:00,13.951526285794461
2025-02-25 09:00:00,22.999643649981024
2025-02-25 10:00:00,27.65375416171849
2025-02-25 11:00:00,26.093809258486584
2025-02-25 12:00:00,18.93278564534896
2025-02-25 13:00:00,27.45363068424976
2025-02-25 14:00:00,20.743337286010558
2025-02-25 15:00:00,18.314570144409803
2025-02-25 16:00:00,16.9329866822953
2025-02-25 17:00:00,18.487651567559357
2025-02-25 18:00:00,18.059115907293858
2025-02-25 19:00:00,20.85208111187744
2025-02-25 20:00:00,20.802869905249324
2025-02-25 21:00:00,20.015230100767074
2025-02-25 22:00:00,22.184690848731748
2025-02-25 23:00:00,25.953231373931708
2025-02-26 00:00:00,24.747770677206617
2025-02-26 01:00:00,12.575510157750482
2025-02-26 02:00:00,7.230394325490225
2025-02-26 03:00:00,24.67159955619637
2025-02-26 04:00:00,13.165606507922895
2025-02-26 05:00:00,18.87617299053658
2025-02-26 06:00:00,14.149434869703203
2025-02-26 07:00:00,10.9900978120999
2025-02-26 08:00:00,22.70731364102394
2025-02-26 09:00:00,23.795775801513233
2025-02-26 10:00:00,17.1174479963664
2025-02-26 11:00:00,7.0447885392754515
2025-02-26 12:00:00,17.268777758737585
2025-02-26 13:00:00,21.959020027012734
2025-02-26 14:00:00,12.605442156129357
2025-02-26 15:00:00,20.91679959889578
2025-02-26 16:00:00,19.923450754135022
2025-02-26 17:00:00,22.896457498005443
2025-02-26 18:00:00,20.597901842070765
2025-02-26 19:00:00,15.134655295592221
2025-02-26 20:00:00,25.982857508322457
2025-02-26 21:00:00,19.20735213486515
2025-02-26 22:00:00,19.86347730245034
2025-02-26 23:00:00,15.33366020463402
2025-02-27 00:00:00,17.783588744042447
2025-02-27 01:00:00,15.575986429865495
2025-02-27 02:00:00,19.135269700382885
2025-02-27 03:00:00,28.558542400711715
2025-02-27 04:00:00,13.140494285343218
2025-02-27 05:00:00,11.932193010616295
2025-02-27 06:00:00,27.355851637468042
2025-02-27 07:00:00,18.95338161424067
2025-02-27 08:00:00,16.654636306700418
2025-02-27 09:00:00,25.19952343698038
2025-02-27 10:00:00,16.97192230131568
2025-02-27 11:00:00,29.130048567734683
2025-02-27 12:00:00,23.389629356696346
2025-02-27 13:00:00,17.560442959271487
2025-02-27 14:00:00,30.786541066327516
2025-02-27 15:00:00,16.97142538498331
2025-02-27 16:00:00,23.710476860046533
2025-02-27 17:00:00,21.49646290203246
2025-02-27 18:00:00,26.50870644699399
2025-02-27 19:00:00,27.807555983634263
2025-02-27 20:00:00,20.160020745328833
2025-02-27 21:00:00,16.232910648269083
2025-02-27 22:00:00,22.299860714695583
2025-02-27 23:00:00,16.61142315123947
2025-02-28 00:00:00,30.066936237633115
2025-02-28 01:00:00,20.682676655413687
2025-02-28 02:00:00,18.173392243439455
2025-02-28 03:00:00,20.923401529324543
2025-02-28 04:00:00,13.264368552351517
2025-02-28 05:00:00,15.141929807446743
2025-02-28 06:00:00,26.00206953972213
2025-02-28 07:00:00,16.71552860514302
2025-02-28 08:00:00,14.7654450865903
2025-02-28 09:00:00,22.68326376263643
2025-02-28 10:00:00,25.928520773314986
2025-02-28 11:00:00,23.594766553325336
2025-02-28 12:00:00,24.980238429029082
2025-02-28 13:00:00,16.216024557152696
2025-02-28 14:00:00,12.89094666629078
2025-02-28 15:00:00,27.506668259777435
2025-02-28 16:00:00,18.38660080578932
2025-02-28 17:00:00,18.745834917724764
2025-02-28 18:00:00,26.640970709245288
2025-02-28 19:00:00,22.7811500470033
2025-02-28 20:00:00,22.27943886040804
2025-02-28 21:00:00,30.82501172450542
2025-02-28 22:00:00,16.782408848099287
2025-02-28 23:00:00,24.639200640406187
2025-03-01 00:00:00,20.285065624485423
2025-03-01 01:00:00,21.342961394316283
2025-03-01 02:00:00,27.64234213206266
2025-03-01 03:00:00,22.53917878144812
2025-03-01 04:00:00,22.691480395248163
2025-03-01 05:00:00,25.36253668654901
2025-03-01 06:00:00,18.175236352285573
2025-03-01 07:00:00,15.803951663304968
2025-03-01 08:00:00,14.775954029894832
2025-03-01 09:00:00,10.16821705311999
2025-03-01 10:00:00,30.28103564970161
2025-03-01 11:00:00,14.483958171391585
2025-03-01 12:00:00,18.89373188207114
2025-03-01 13:00:00,18.615933500555396
2025-03-01 14:00:00,21.537033489045506
2025-03-01 15:00:00,24.078686062696484
2025-03-01 16:00:00,24.302367441798726
2025-03-01 17:00:00,17.08461280715531
2025-03-01 18:00:00,19.164391431067944
2025-03-01 19:00:00,21.412899752441497
2025-03-01 20:00:00,18.756544369082263
2025-03-01 21:00:00,28.036727880099964
2025-03-01 22:00:00,22.454874758191256
2025-03-01 23:00:00,23.674388930249087
2025-03-02 00:00:00,23.314406343337062
2025-03-02 01:00:00,25.867369287426627
2025-03-02 02:00:00,20.905107793518535
2025-03-02 03:00:00,13.515840260220767
2025-03-02 04:00:00,21.998439758763208
2025-03-02 05:00:00,16.743215531040853
2025-03-02 06:00:00,17.356916591251217
2025-03-02 07:00:00,22.931820093775467
2025-03-02 08:00:00,26.19141535716818
2025-03-02 09:00:00,20.106357883680307
2025-03-02 10:00:00,21.544165062994818
2025-03-02 11:00:00,28.51107472317619
2025-03-02 12:00:00,21.203765897442842
2025-03-02 13:00:00,33.008415570901974
2025-03-02 14:00:00,22.82754822815772
2025-03-02 15:00:00,11.196186204220911
2025-03-02 16:00:00,23.766708105522664
2025-03-02 17:00:00,21.90579192441389
2025-03-02 18:00:00,26.448763770413727
2025-03-02 19:00:00,23.36590675634979
2025-03-02 20:00:00,19.307720080081133
2025-03-02 21:00:00,13.878508818553172
2025-03-02 22:00:00,18.954883713569874
2025-03-02 23:00:00,15.7473977289535
2025-03-03 00:00:00,17.097382750976386
2025-03-03 01:00:00,22.94289202210305
2025-03-03 02:00:00,28.34952252175703
2025-03-03 03:00:00,21.973357649114906
2025-03-03 04:00:00,14.020584689824078
2025-03-03 05:00:00,22.223013341100703
2025-03-03 06:00:00,25.983157433228257
2025-03-03 07:00:00,16.95108547840309
2025-03-03 08:00:00,19.32991416663541
2025-03-03 09:00:00,20.073440973645987
2025-03-03 10:00:00,16.075508434588798
2025-03-03 11:00:00,23.241402169219295
2025-03-03 12:00:00,19.395259256961094
2025-03-03 13:00:00,22.097662219535138
2025-03-03 14:00:00,15.5625391109895
2025-03-03 15:00:00,17.812708498382946
2025-03-03 16:00:00,23.611906789138857
2025-03-03 17:00:00,18.135834239541165
2025-03-03 18:00:00,28.634819256167027
2025-03-03 19:00:00,18.001819071926988
2025-03-03 20:00:00,21.12342362875943
2025-03-03 21:00:00,24.662954159365448
2025-03-03 22:00:00,12.908171335334842
2025-03-03 23:00:00,11.19595594009612
2025-03-04 00:00:00,12.371718427149526
2025-03-04 01:00:00,26.31292051713591
2025-03-04 02:00:00,17.240709270537767
2025-03-04 03:00:00,32.79099642834126
2025-03-04 04:00:00,17.178762006713058
2025-03-04 05:00:00,20.922756515985185
2025-03-04 06:00:00,27.710549762839378
2025-03-04 07:00:00,30.030464440795615
2025-03-04 08:00:00,30.307517883181987
2025-03-04 09:00:00,26.041831152965713
2025-03-04 10:00:00,25.120312629057313
2025-03-04 11:00:00,22.962634746005914
2025-03-04 12:00:00,23.89180538083319
2025-03-04 13:00:00,17.244071418357333
2025-03-04 14:00:00,15.909005582888465
2025-03-04 15:00:00,19.98312771294524
2025-03-04 16:00:00,19.149076887375358
2025-03-04 17:00:00,17.733859753363625
2025-03-04 18:00:00,23.481937237283578
2025-03-04 19:00:00,24.776526042852552
2025-03-04 20:00:00,20.442034431459238
2025-03-04 21:00:00,27.38765040527631
2025-03-04 22:00:00,14.291554429332475
2025-03-04 23:00:00,19.03170270360141
2025-03-05 00:00:00,16.415888396985977
2025-03-05 01:00:00,10.6673169146347
2025-03-05 02:00:00,19.586596570786504
2025-03-05 03:00:00,19.39126245808358
2025-03-05 04:00:00,27.567248716210656
2025-03-05 05:00:00,23.154058422773886
2025-03-05 06:00:00,14.879065878353975
2025-03-05 07:00:00,29.27046283167094
2025-03-05 08:00:00,26.105168477626766
2025-03-05 09:00:00,22.91048851734308
2025-03-05 10:00:00,18.86757950575084
2025-03-05 11:00:00,15.202803816382602
2025-03-05 12:00:00,18.138966119644735
2025-03-05 13:00:00,25.44374309852093
2025-03-05 14:00:00,29.422931529673043
2025-03-05 15:00:00,27.716217641360945
2025-03-05 16:00:00,17.55575289106863
2025-03-05 17:00:00,14.401912833554944
2025-03-05 18:00:00,20.70443123455602
2025-03-05 19:00:00,11.157803172185742
2025-03-05 20:00:00,21.615838570923906
2025-03-05 21:00:00,19.261987068506656
2025-03-05 22:00:00,17.66981749065879
2025-03-05 23:00:00,12.026484663666022
2025-03-06 00:00:00,22.568000532848583
2025-03-06 01:00:00,17.336495801690443
2025-03-06 02:00:00,14.15041582144856
2025-03-06 03:00:00,5.638688933591753
2025-03-06 04:00:00,19.862425474746818
2025-03-06 05:00:00,28.86125798334872
2025-03-06 06:00:00,28.30629607273935
2025-03-06 07:00:00,17.714518717068643
2025-03-06 08:00:00,16.988939698191096
2025-03-06 09:00:00,22.34387128037512
2025-03-06 10:00:00,15.008072804058543
2025-03-06 11:00:00,21.50895949909733
2025-03-06 12:00:00,23.830401391923452
2025-03-06 13:00:00,26.13466611942154
2025-03-06 14:00:00,19.499229617600236
2025-03-06 15:00:00,18.98163124911517
2025-03-06 16:00:00,15.610087066217194
2025-03-06 17:00:00,15.8655982298007
2025-03-06 18:00:00,18.867605540492367
2025-03-06 19:00:00,21.83682753408089
2025-03-06 20:00:00,24.567923131166246
2025-03-06 21:00:00,15.984105246598276
2025-03-06 22:00:00,27.46344284479761
2025-03-06 23:00:00,18.644381994787157
2025-03-07 00:00:00,19.89316352825782
2025-03-07 01:00:00,16.263941604260882
2025-03-07 02:00:00,7.878798698635292
2025-03-07 03:00:00,24.42022698180525
2025-03-07 04:00:00,23.684219485462165
2025-03-07 05:00:00,18.593362214408934
2025-03-07 06:00:00,20.33495358612436
2025-03-07 07:00:00,22.579696088520496
2025-03-07 08:00:00,12.187270715567287
2025-03-07 09:00:00,17.354736613268525
2025-03-07 10:00:00,23.971323398109135
2025-03-07 11:00:00,13.728552884153753
2025-03-07 12:00:00,21.467789660833148
2025-03-07 13:00:00,13.217090976882975
2025-03-07 14:00:00,22.332149912167633
2025-03-07 15:00:00,19.821792588512583
2025-03-07 16:00:00,11.924340920472453
2025-03-07 17:00:00,25.823696772285857
2025-03-07 18:00:00,16.327042116009753
2025-03-07 19:00:00,15.948737814928094
2025-03-07 20:00:00,21.002845986154714
2025-03-07 21:00:00,25.743186747143575
2025-03-07 22:00:00,14.920890905108015
2025-03-07 23:00:00,20.30839924923986
2025-03-08 00:00:00,22.144082501652864
2025-03-08 01:00:00,23.46552803631572
2025-03-08 02:00:00,20.882207776386124
2025-03-08 03:00:00,18.164860804583387
2025-03-08 04:00:00,15.862048896756402
2025-03-08 05:00:00,20.430719415231874
2025-03-08 06:00:00,14.639304940071966
2025-03-08 07:00:00,5.393247582526964
2025-03-08 08:00:00,22.182799020788337
2025-03-08 09:00:00,24.519674205430977
2025-03-08 10:00:00,8.185337822290808
2025-03-08 11:00:00,14.951346476450311
2025-03-08 12:00:00,23.095771305025988
2025-03-08 13:00:00,30.287477348558493
2025-03-08 14:00:00,20.10396853837704
2025-03-08 15:00:00,16.35998529385433
2025-03-08 16:00:00,19.0855177944758
2025-03-08 17:00:00,26.874382095740923
2025-03-08 18:00:00,16.770179104377323
2025-03-08 19:00:00,16.00403996674873
2025-03-08 20:00:00,17.58628238908984
2025-03-08 21:00:00,15.233356958706437
2025-03-08 22:00:00,20.613351579973976
2025-03-08 23:00:00,28.123392292347802
2025-03-09 00:00:00,21.615396365580146
2025-03-09 01:00:00,18.738232489368563
2025-03-09 02:00:00,18.54094365542228
2025-03-09 03:00:00,12.184045956516716
2025-03-09 04:00:00,24.415548885735795
2025-03-09 05:00:00,19.61081401493599
2025-03-09 06:00:00,19.09760043204687
2025-03-09 07:00:00,35.965537839224304
2025-03-09 08:00:00,21.49376454182843
2025-03-09 09:00:00,16.24104474952408
2025-03-09 10:00:00,17.868212018972283
2025-03-09 11:00:00,25.742228545983775
2025-03-09 12:00:00,20.56635205268882
2025-03-09 13:00:00,12.808610108413166
2025-03-09 14:00:00,24.59614467287602
2025-03-09 15:00:00,16.65927957230503
2025-03-09 16:00:00,29.366488881087726
2025-03-09 17:00:00,25.400240328573243
2025-03-09 18:00:00,17.763390521706246
2025-03-09 19:00:00,26.405081808675565
2025-03-09 20:00:00,20.339277552637018
2025-03-09 21:00:00,24.263868375611096
2025-03-09 22:00:00,22.423664086472375
2025-03-09 23:00:00,15.768216725045633
2025-03-10 00:00:00,16.78225083841269
2025-03-10 01:00:00,25.149804087905807
2025-03-10 02:00:00,18.326123339467294
2025-03-10 03:00:00,17.981757683790015
2025-03-10 04:00:00,15.224387103253235
2025-03-10 05:00:00,22.117995327967307
2025-03-10 06:00:00,30.312624596215727
2025-03-10 07:00:00,14.662335428728635
2025-03-10 08:00:00,20.12109728336379
2025-03-10 09:00:00,27.061102777077146
2025-03-10 10:00:00,19.601793043771423
2025-03-10 11:00:00,22.26185898124867
2025-03-10 12:00:00,14.688032359265602
2025-03-10 13:00:00,22.141535486038244
2025-03-10 14:00:00,19.064278674977256
2025-03-10 15:00:00,24.928649978399314
2025-03-10 16:00:00,25.936930257823754
2025-03-10 17:00:00,32.94781821009307
2025-03-10 18:00:00,22.898165866067878
2025-03-10 19:00:00,21.628981582910832
2025-03-10 20:00:00,20.97192150788668
2025-03-10 21:00:00,18.23416853594656
2025-03-10 22:00:00,21.692419217308455
2025-03-10 23:00:00,18.522992949304854
2025-03-11 00:00:00,20.84230488134807
2025-03-11 01:00:00,26.5879876780398
2025-03-11 02:00:00,14.967287173601793
2025-03-11 03:00:00,25.699392805645225
2025-03-11 04:00:00,26.58557533669933
2025-03-11 05:00:00,19.409657365044605
2025-03-11 06:00:00,9.390725504957027
2025-03-11 07:00:00,16.960890064527838
2025-03-11 08:00:00,26.484972732805545
2025-03-11 09:00:00,19.88565968850559
2025-03-11 10:00:00,15.003488838525445
2025-03-11 11:00:00,17.47612539385891
2025-03-11 12:00:00,24.203100132522763
2025-03-11 13:00:00,22.7336678410069
2025-03-11 14:00:00,18.80533950415153
2025-03-11 15:00:00,18.165877940926563
2025-03-11 16:00:00,18.04120925478089
2025-03-11 17:00:00,15.387949077507487
2025-03-11 18:00:00,28.07687844734721
2025-03-11 19:00:00,18.3883976539433
2025-03-11 20:00:00,26.085792604127484
2025-03-11 21:00:00,27.606580259612258
2025-03-11 22:00:00,24.9915544907398
2025-03-11 23:00:00,17.841898436409757
2025-03-12 00:00:00,22.018650451683047
2025-03-12 01:00:00,19.879021968045418
2025-03-12 02:00:00,15.48149069634936
2025-03-12 03:00:00,21.621796408608017
2025-03-12 04:00:00,14.104801044200988
2025-03-12 05:00:00,25.93839694230782
2025-03-12 06:00:00,17.676913513508033
2025-03-12 07:00:00,21.005798279364196
2025-03-12 08:00:00,21.41643935773071
2025-03-12 09:00:00,18.705475131479613
2025-03-12 10:00:00,22.933469007376374
2025-03-12 11:00:00,17.62548171688738
2025-03-12 12:00:00,24.35648648728622
2025-03-12 13:00:00,13.270101598766257
2025-03-12 14:00:00,20.63189789773206
2025-03-12 15:00:00,29.694644995291423
2025-03-12 16:00:00,14.998343376972127
2025-03-12 17:00:00,16.611275147375743
2025-03-12 18:00:00,22.569539248294575
2025-03-12 19:00:00,20.89790890969799
