HBUS,INCCAT,INCOME,DEBT,HOUSES,AGE,FEATURE1,FEATURE2,FEATURE3,FEATURE4,FEATURE5
0,6,552954,100734,1012384,43,-0.9273531341905741,1.617212574968624,-2.529560077694303,-0.17280173739646437,-0.9951484818533795
1,1,318512,157702,866964,21,0.23836898273478513,0.10435593752321293,-0.29660745906979835,0.7719201548366751,-0.18150316213566714
0,1,586202,754122,49104,79,0.9751976297824297,-0.8987840483231282,0.241321934916781,0.44130715169924584,-2.1770650464428547
0,1,221579,1225811,3056277,56,0.5010941699398452,-1.3303136257389898,-1.151014083619507,-0.7331561971099966,0.17847666388538974
0,5,524471,1147087,863663,56,0.1895816165987434,-0.1891203907770335,0.38632331781156,0.22899639245934025,1.4288577078135674
0,4,349670,983939,4758982,67,1.0010460925671412,0.9216501119244593,-0.20447122098612153,-1.8579014513982872,-1.4741321320421057
0,5,238967,1322373,4400072,52,-2.703232292999237,-0.12754912037753421,1.75547569831549,0.6032475005713938,-0.5859276733177553
1,4,403152,1731897,1206861,18,0.6778753195309076,1.5111549302473475,1.5730197252148563,0.29815846599052565,0.32910677871012955
0,5,114270,606229,4965452,41,-0.6540756831274238,-1.4511756900515589,-0.46580556911816284,0.6386601686431024,1.2528426344274837
0,5,563385,729497,3119612,74,-1.830632896856457,-0.01208894784605456,-0.15083771156669531,1.0581183250871502,-0.4482246163001494
0,6,167313,1868670,2891005,53,0.5112025995249807,-1.252393444413119,-0.0739475656083926,0.3676198402097109,-0.6922503292658964
1,3,178768,98818,4936600,23,1.3736585451629577,0.3636318826249679,-0.4516594761596227,0.1480894197982762,-1.9689231424160831
1,5,266726,973950,4736319,58,-0.13744851462769186,0.8868873900973003,0.19502498402812674,-0.8810683366612923,0.10343812930810638
0,6,590451,152360,257681,71,0.9528745472029388,-0.42076179368105326,-0.7582820688875902,-0.712220763649051,2.042076040143744
0,2,39816,1826491,94018,63,1.6122782579886454,-2.6042138566271342,-1.1306153349375263,1.186734620177331,0.2773584619646759
0,3,334997,619369,1998197,77,1.3149144535840473,0.19894814679649453,0.6227112239002686,1.4363354057059785,-0.022278979183713316
0,5,175989,561165,2054780,61,1.639964529371393,0.4367385517335095,0.6295295842218108,-0.23811043631205406,0.32208231076698546
0,1,226524,373706,3439782,77,0.7421274910718922,0.40429475496169764,-0.8043157596599924,0.04600274725327412,-0.01109200394860206
0,2,171878,932817,4423408,74,0.0754336389015928,1.235782191822154,0.8953554307625996,-0.9046143749937661,-0.8130143722601298
0,2,546047,1260533,842186,48,-1.6019658118971685,-1.0710536796490489,-0.6315777291653314,1.1727568452674448,0.8232799156777053
0,6,455165,72715,4387814,37,-0.24606248812994858,0.6802161054504494,0.2531652380379812,0.6654168236917787,0.2257615231117544
0,2,153554,141398,1493293,41,-0.8432465953161917,1.192507512477975,0.820344012612456,1.9412174364637491,0.017613251933657315
0,3,471282,1682955,2551314,42,2.1709427174978138,-1.7785875840065168,-0.03361256470371301,-0.8783230771797389,-0.97536602727825
0,5,113501,1567628,1124905,53,-0.1758858124323366,0.31965182591897723,0.4547409121411344,-0.3780078990182172,1.3035079319347591
0,5,284223,1181208,3105958,38,0.12320480678448567,-0.5041798310076715,-0.5164296438875717,0.2314459225255723,0.6647027453331099
0,1,79676,865580,4889196,47,0.5514853760404675,-0.08152267310164589,-0.19646658342809717,0.6464895377257707,-0.552920837367302
0,6,193532,83186,3258084,41,0.043602446372453724,0.34767648353833636,-0.20585943088034037,-0.21566763754763232,1.0018248536819372
0,1,240178,1992825,204451,61,1.695051040430753,-0.4872285641135523,-0.7465783465402389,-0.8729610904537004,-0.49757083838520716
0,2,169521,1735826,1980290,59,-0.622649361734452,-0.6757080791616118,-0.1767741631157821,0.8814075289235711,-0.782003492511037
0,1,446752,1199670,3424328,47,0.1946074552372427,0.0341524174880246,-1.5486182988637467,0.7211353625455816,-0.7597031174802871
0,3,277009,1958637,4749959,39,-0.7424705856980482,-1.0872459388628026,-0.4911537471421047,-0.9162741005637249,-1.7710685530880912
0,5,157717,594604,403322,45,-1.3200225112207058,-1.0858251288851855,-0.28487549336967083,1.3554428011054958,0.47154238041820573
0,2,401915,1076956,4571843,24,-0.6117690909052854,0.6793732829565033,-0.2561797524953801,1.1701987091966037,-1.8311448783383502
1,1,582288,634486,4310796,52,-0.03703679704841202,-1.148794035158656,-0.24149744587077882,0.13429649724779288,-1.2284438312657626
1,6,571025,264500,4077716,72,-0.42930222451725997,0.6663125009092119,-0.061764199860128925,0.07959786237603639,-2.0755880090785332
1,3,320709,70326,4359879,45,-0.692420979873856,0.4625912928539512,0.4794415180860639,0.5540577711159071,-0.08606969279089306
0,3,206240,878879,2090545,31,-1.4063174636718339,-1.7258067287905967,0.8745170741325226,-0.8617030702562581,-0.15032046027187207
0,1,596775,639282,1908802,73,-0.08310557262869477,-0.6775646523356551,-0.6497652268482671,0.03003147916408217,-0.32669621318636405
0,5,294486,220971,1548075,27,-1.5047203740310022,1.1941094030473725,-1.2032008553891445,-2.1523835446091804,-1.0425776946705763
0,1,322950,806481,493948,33,0.7600559636896026,-0.9811655311396816,-1.042044412243103,0.8764556455029355,-1.17223375343664
0,2,330914,1517509,4168962,33,0.08243975293450329,-0.46440426230938764,-0.48720292119492714,-1.5614932224418594,0.46436986354657417
0,1,98623,1940369,3744085,71,-1.4575514994649306,0.4620608932518965,-0.3519213178165091,1.503419828428999,-0.5505519317084877
0,3,385321,1851090,4908240,48,-0.30920907704986345,0.7833905092825955,-0.7699960661974573,-0.3301200939664503,0.31635832153614474
1,1,203675,1835669,780641,59,-0.7521564055905832,-0.2515388860444957,-1.2961166642498945,-0.2116669819311769,-0.8852486861242225
0,5,236454,1217060,4466134,42,0.31917451041918043,-0.5975101946916416,-0.4561208274741882,-0.6277339060845056,0.18106274277108234
0,6,129575,1031519,1554205,30,1.3404504460231446,1.4223698616985077,0.18142662011397137,-0.2880388739220764,1.3032780373160637
0,4,227606,789352,1704597,23,-1.8751724696457446,1.7388996637975789,0.5950294658355647,1.4185313451480366,0.5861658003927833
0,1,525815,484410,3765689,61,0.11502607914741717,0.9788580507817954,-0.5574230531083212,-2.4878086565350794,-0.4124138182164804
0,5,312822,1818242,2551331,26,-0.1601327955666404,0.08531814256502405,-0.41299782214343406,1.2769653860881878,0.25719897035592737
0,5,96218,1390281,3127748,62,0.6713400764504657,-0.8082657216409264,-0.9266983088473107,0.33802348110170816,-0.24066517453021302
1,6,356199,1843954,835036,53,0.21319662823768915,-0.8304444065565653,-0.03143917037477642,-1.2070216478572156,0.007880184694728152
0,3,469589,225314,2369822,73,-0.7519693317388191,0.5225141052657575,-0.8484286341908146,-1.0753123930492379,-0.3256110521485036
1,5,498446,1487292,4001070,60,-0.31905393566661816,0.4183982208886837,0.5731278132412001,1.676393027208203,-0.1643352058853912
1,5,482052,1808476,2388278,37,-0.796025856803489,1.4015985929464294,-1.7858664919341112,-0.9455068799427312,0.21209335307417523
0,5,354402,1851317,2883791,35,1.0760071385985983,0.6504500925361392,-0.3596296724524624,-1.1533505105959594,-0.9933586995819507
1,5,59986,1628094,4180413,75,0.02131164867194222,-1.503080301759818,0.3011073391917421,1.1373145423647293,-1.0158788269899783
0,2,367739,1946830,3496605,60,1.9011906857530074,1.0519476177229186,0.18383451632250436,0.33855287628591424,-1.388542553831211
0,2,492327,1540448,4948600,74,-0.060660813814620775,-0.9980606273144129,2.6930336639804966,-0.9379255765363989,-1.60027110450371
0,3,347073,516998,1305487,38,-0.7084067669104628,-0.3839712719523516,0.34980002456790754,0.216624975404619,-1.2172826922204794
0,1,54911,947531,308623,21,-1.5137143926128271,0.2502002062516945,-1.0040545968420103,-1.0257526836402773,0.15946250680412918
0,5,445037,1568560,3647371,67,-1.803139676255945,1.9956674897839644,-0.09546424708907303,1.1008213984226052,-0.8927875154918841
0,6,32175,465757,3296903,50,-1.5841359430054898,3.109918556005361,-1.7762463334664518,1.0613709648731335,0.5136144642310962
1,1,336915,1423060,2268115,44,0.2671266510114834,0.6067230591361827,-0.08059974929676088,0.5320061988219431,0.03471374875256186
0,6,519876,508062,1190402,24,0.5087250232299338,-0.18319661872038787,-0.8330560570007587,0.3616610612470166,-1.9685042134380537
0,1,86358,1632185,1147116,23,-1.5811907020321334,0.5345056484805503,0.9153902755601617,1.7611881248673737,0.6549755842216898
0,3,430543,132028,2956566,32,0.8950383140761154,0.8876554258738361,-0.5495402745955349,-0.0003136726117747121,0.8107986455917099
0,5,67057,231447,3772763,35,-0.4830610516834395,-0.3206676255571917,-0.11676591579524663,-1.1818741254208012,-0.9938626748348534
1,5,288294,860563,310375,49,0.14679301198554937,1.7952113559123222,-0.6355578414044034,0.44947391283230687,0.4201915428949916
0,4,274726,1489700,2126453,73,1.6122206282554243,0.23007075919140207,1.7388513518533313,2.0860470495371137,-0.856498237409199
1,6,298176,995843,1271300,28,0.8968393158655319,0.49774308909139425,-0.3212427661179117,-1.0147594931858521,0.0976703767483354
0,1,546486,1860971,3659731,37,-0.2685306479058323,0.6659242520544614,1.8325570434792018,-0.36146276669398575,-1.2644984069549656
0,1,187292,626045,4388087,41,-0.8911922254152874,0.4215866106144557,0.8141517621182666,0.41644603810145264,-1.7931064525345768
0,2,164931,1481235,3842411,32,-2.151815401329305,0.8389405004696122,0.48206672733538614,-0.05390484900573916,-0.3828171896129687
1,4,463676,1934267,1015416,65,-0.7191533192424201,-0.6172531865469232,0.3687331473175197,-0.9823035803773146,-0.12372894627483615
0,2,182491,301207,4863059,24,-0.21113023882769444,-0.5583017539460305,0.39379729821625153,1.1218578562304709,-0.39767969361460404
0,2,401009,1424945,2314181,38,-0.987179527151184,-1.100154232971695,-1.92767257934561,2.3200407220172594,-1.1840305582225594
0,2,421921,1427120,3404231,59,-0.13125696709230472,0.4395012306202264,-0.2788833941507565,0.19613145902390733,-0.3998990621311371
0,6,280910,1391538,3265696,43,0.07685188295876821,0.7789365035121141,0.8451579711843216,-0.9040682897360003,0.269294752580734
0,6,43236,266847,4572148,61,-0.22485598180807856,0.4577728661518858,-0.04889718347410554,-1.548960525053475,-0.04489303012253698
0,3,107955,720488,4205003,73,-0.6500025808234597,1.6744924333475373,-1.405189846803575,0.2579759812211809,0.1825010305992134
1,3,250785,596387,3341861,31,0.16865467196672768,-0.005596018829046555,-0.05240445057746945,1.1038773433162576,-0.6701152004542329
0,2,114914,419065,4728307,74,0.44194064956940904,0.6687416555925126,1.7041055162554912,0.4751677464953816,1.1717179147161596
0,4,227990,687220,2615804,54,-1.090399077442846,-1.0917008761393143,1.2468917155347194,-0.002403840918853844,-1.1761733365547806
0,1,398387,31585,4312717,75,1.41093237974627,-0.387099702474401,-0.062004009366031745,-0.5892716517893062,0.4875602970867186
0,6,558884,1463807,1982243,38,-0.09858813228426173,0.6955377575657775,0.9514492770580866,-1.0921636327180897,1.1818910929599615
0,4,214269,995043,1692128,35,0.018849622944847662,0.849102110743144,-0.36650702036805183,0.8347513263248821,0.4809080927488954
0,5,412417,1616449,3413654,22,0.7082144232565571,-0.29396694766418224,-1.703871586826719,0.9137716213855857,-0.20252422706483003
0,6,158155,289102,3270209,20,0.23321613126350166,-0.07159925185806683,-0.9244659881295544,-1.5457297866907331,-0.5282970466629792
1,6,140674,1336737,215400,40,0.9531366339132451,-1.5178737466808094,1.5628887685081978,1.5898389781806839,1.036087651046256
0,3,276713,1435397,2657025,43,0.2871241652018242,-0.3570292008066094,-0.2739930818293042,0.5740712208940013,-1.422974925261673
0,1,461501,962854,3324664,54,-0.6124373746404379,0.8903831635197862,-0.24338397937501807,1.3995946451457935,-0.9701242603796436
0,1,563351,1978281,4586440,41,0.36150352520610163,0.5752050161065663,-0.29983819627488056,-1.342127748485115,-0.3975577654917214
0,5,87642,1864434,3594058,66,-1.1437262073206618,0.5006657213812097,1.904136589573007,-1.365824155415439,1.2376537575119981
0,5,110093,279922,4584258,36,0.10855970577652314,0.04977368718096008,1.6259589153620633,-0.14896930976729691,0.37976763604089603
0,6,527606,700601,2135219,68,-0.0332299906444608,0.007063158628176452,2.218780233448134,0.5027844268951942,-0.9680457585102453
0,2,237215,1090805,1746621,42,-0.2081168572725397,-0.6603211394734471,-0.1590452104000513,1.7963608229269636,-0.31030770538490365
0,3,55954,1135228,4212377,38,-0.12853751143893075,0.6988284202025348,0.29562448874709507,0.7060789138151315,-0.6143231440962944
0,3,47856,914699,4230339,29,-1.881849045497639,0.4209729443893898,-1.5166425494207911,-0.24268127681203333,-0.7097889922335351
0,6,546861,249474,1244625,74,-0.5487249077409615,0.49201884799279927,1.4769344261182744,-1.0263692076658921,0.9788895585567792
0,4,579655,1752300,233782,78,0.09284490114111471,-0.5260348426675804,-1.167779551267935,1.23000057271915,-1.3717431292635056
0,2,515553,912935,4809109,58,0.15985639199740037,-2.1533429198712444,0.2167755637626291,-0.9647054257507148,1.6087808557343735
0,6,342918,260116,3735466,50,-1.0276751409259581,1.0971527117536957,-1.097302527632844,1.6284685547723217,0.8282296901846228
0,2,43752,871310,1583246,67,1.2657078408647007,-0.47883745600840416,-0.5888668267386961,-0.28438464960650933,1.090861670603698
0,2,168757,1892064,726331,70,-0.8661748482145009,-0.8627757640431206,-0.8372624310497003,1.5905820726178503,-0.4629395120252583
1,2,333837,944994,1794291,21,0.9694572005267368,0.6934789119139937,-0.6078752606758179,0.6789312900592783,-0.14994071907910936
0,6,136739,520985,4952075,59,0.42719436187168486,-0.3920126399191296,-0.5391227031489786,-0.13699548944245826,-1.433151814524712
0,3,258009,19975,3898606,74,-0.646227309843803,1.0599363840466218,-0.5482687949250771,-0.5193963718261266,-0.524662407066803
0,3,227980,157795,2982448,24,1.775310892609512,0.6170059495766975,0.8333339117803071,-0.3409078773460798,0.4936548476431509
0,2,276609,1465071,4861993,39,-1.19363683175648,0.6835693232004776,-1.10486279306252,0.4283166923752375,1.2960630617813962
0,4,408822,1257949,2878117,72,0.9191541736100015,-1.3659557112005343,0.22054142701386686,0.07715649621771674,-1.1071568168024517
0,1,356676,929065,4481617,50,1.0005823180429783,1.2119439853864005,1.2179591523055584,-0.5938114080687051,-0.36550593698526584
0,6,364138,1024939,4281772,34,-0.6706202090766449,0.26125053123385605,-0.513196364513396,-0.16563141031763223,-0.15129922023252232
1,1,338277,1245709,2043037,41,1.3924653000643288,-0.36927713924620315,-0.7179188907476018,0.0785770297191498,-1.3957892021924851
1,4,538271,874829,4386007,78,-0.2500465145989528,0.14338846734225108,-0.23052462518025083,-2.128734094414812,0.5913492417584003
0,6,343412,1753089,3733149,78,0.28869362927985703,-1.77623523289832,1.1797252083607102,0.4581681147886987,-0.7239903317426091
1,2,505417,1343862,3087821,51,0.2603218387712207,0.40865281148067084,0.1941076309533577,-0.9797212247168068,-0.19539035117702397
1,3,451459,1861924,2804802,45,-0.1343087414705478,-1.0293715081820716,-0.5312142946075985,-1.153332403205745,-0.4519493719118777
0,1,208456,1637188,4157263,75,0.8108082731597821,-1.3526702858435344,0.48387665118803974,-1.6873443471107104,-0.7893385057196743
1,5,575941,1224613,4488198,60,0.793488720552213,-1.5223591862178911,-1.1022921498364233,-1.7938924978678903,-0.0070449854805546995
0,5,177729,388076,1613325,58,-1.7485319732381808,1.1126883749899252,0.681359510442948,-1.3554475031122892,-0.21560957856802238
1,4,248504,660008,3612744,56,1.3043402428781525,-0.6292633936927887,0.4086073077017676,-0.7090209576304904,-0.37185788227866556
1,2,545910,690493,1126798,39,-1.6624919880356743,1.5337277099164992,-0.3078084711388841,1.9532591375265682,-0.7284616216803428
0,1,593044,968181,2733460,66,1.0325462043416573,-0.5358014630522978,-0.838585798447231,-0.5258796758952039,0.31952467078295543
0,2,60809,620347,4115362,34,1.1267051368275833,-1.7073579575929467,-0.8866809222834573,0.17775010626803134,1.653617268492285
0,1,561013,1012092,1703377,51,-1.0909664302151982,-1.1165244399486591,0.5348173363459102,0.4004813865063287,0.13988723283912738
0,4,71226,622605,1252557,23,-0.4108142879545848,1.2358116200069387,1.2289805024890619,0.13106518621584873,0.996118214911129
1,4,519512,725495,4298515,63,-1.1057046684859357,-0.15589817793666752,-0.6373077470287948,-0.07744346072599365,-1.3902219251534627
1,5,495781,1345766,3332049,23,-0.21492103028873533,-0.5482872964906009,0.45838670355148425,-1.1952937635992447,0.15776143929376948
0,2,49402,1488856,1490687,51,-0.30803428418574125,0.1600182258527877,-2.0870270186020687,1.4509275482792119,-1.0973683189710666
0,6,24263,101459,4681993,18,0.7796605322693398,0.501782736167545,-0.5846177306571996,1.8071966436378852,-1.4769249275319014
0,5,197900,761985,923160,27,1.3103087461196083,1.1173988159024608,-0.031058932870901952,-1.6826586941226858,-0.7393714074590363
0,2,592212,200422,4057025,38,1.395683810789956,1.4484992298929262,-0.9096834169818336,-1.0240285908863795,1.1918993344135729
0,5,356326,1880901,3602684,22,-0.5621680265783021,-0.35976864578908574,-0.936506374789596,-0.2798103423770061,0.9500158286696456
0,6,244137,1150096,2947893,19,-0.20922187374452778,-1.3260476860820383,-0.6677795564688862,-0.9645377949101913,0.24300472205439969
1,3,472268,1960826,3788963,39,-1.6834381922209503,-0.413465161123276,0.29219272832637316,0.5059655534558652,-1.5327005598899308
0,3,317881,585560,3874910,65,-0.8058700664961888,0.26028050658288615,-0.1873290184063747,-0.7282722024066131,-0.1962806513879368
0,3,383476,747512,3151629,74,0.9648516330974576,-0.9637589262106109,-2.238231233324972,2.1650560678066024,0.30170000890173554
0,3,371707,516123,2259776,19,1.6155828235482317,-0.9571509148950429,-2.120700152635066,1.190548594343596,0.1755362295785979
0,1,530585,1378369,3368045,27,-1.234348871879922,0.34378788154988543,-0.6068651778571754,0.2125740306322149,-1.8437935834807457
1,3,410719,326818,4887349,51,-0.5924642591528942,-0.04865235157045115,0.45768658605355206,1.0269862633197322,-0.8903178480198718
1,6,499361,1036548,4340092,33,-0.02640575695892703,0.03279699541158651,-2.7475048427252347,1.105900424357309,-0.06407776414871663
0,4,121371,144832,4832691,65,0.2801611588196068,-0.7584953347000695,-0.4997301761516306,-0.5639474880582432,0.5362909095171899
0,4,582997,152999,2632578,68,-0.8096035199216461,-0.23040071420576733,-0.5262478565174211,-0.8162172445419648,-2.1961278210999464
0,1,212192,348619,968616,78,0.4240610444640897,-0.9242331442683044,1.3883377782084478,0.07814306296964744,-0.16212397547985843
0,3,170322,61367,4217733,56,-0.47383934707091613,0.8901984111247868,-0.38502181171286365,0.861636124497944,0.14304876987895235
0,3,41172,753315,1250956,39,-0.014452270878279104,1.0352493347237526,0.38298898474092846,0.13906039865341766,0.8496119885162131
0,3,555843,405804,1490036,29,0.5462842480036996,-1.8461878622380938,0.14125714008746323,-1.5769964821909972,0.6928575842374367
0,5,597564,908182,2869729,41,0.0064222698109378164,-0.92951086019241,-2.1305664798072006,-0.8028244439508423,0.5825713188088052
0,2,533319,757038,1809377,64,-0.4363858905265686,-1.496529255090079,0.7682072166317373,-0.07397286359437803,-0.7999405067019342
0,5,242320,1284382,1065923,57,-0.10960980392583083,-0.6500239344068982,0.21539650545628794,-0.07566560432583026,-1.9080021371233076
1,2,437978,904586,1720856,55,-0.08836295920533532,-0.08343796979036086,0.5082686396745896,1.9725421767898081,-0.39305275706140097
0,3,31046,1756169,556110,77,-0.3700110298821277,-1.44964521969853,3.9262377064363267,-1.385987942398998,1.00163182520856
0,3,248071,1093314,964163,76,-0.25879606266710237,-0.9218598131253132,-2.0841129394985884,0.5055892418358746,1.3934545275244314
0,5,398165,557685,3012539,27,1.598647170504717,-1.0039573720814985,1.7246966497611085,1.4891131083282896,0.7105491022977853
1,5,436366,1392909,4202271,52,0.5609194479412387,0.20726732939894396,-0.28744751940035557,2.271449745422796,0.42934082280173436
0,2,286997,1387087,4042879,68,-0.29548031802916036,0.06934433703625043,0.2873289044030093,-0.40439742318396127,0.3796396483859655
0,4,502615,1042377,3681887,66,0.6969544045107356,-0.7217375533372533,-0.04551224530124217,0.4914294527201998,-0.5561187467607805
0,2,435008,202332,2322523,49,-0.33381948975600995,0.17682087213939798,-0.4242363333980435,0.5697603571986469,-0.13006029355362003
0,5,225550,382729,3875358,24,1.1731246375866413,-0.5466800845872654,-0.5698329282387588,0.19548173155329082,1.669069525826331
0,6,264883,1911627,1213261,38,0.3696421921980939,-0.2716551103260533,0.32950873557300914,-0.09884520123930605,-0.9425580057918763
0,5,480514,1160029,4746771,37,-0.10730214400422888,1.673452090298537,-1.5171736966716791,0.4359753895000459,1.6147787907098514
0,6,141789,1068392,251537,43,0.4477169258102776,1.340461051790348,0.7505791675217656,-2.5322460852196853,-0.3220281544920584
0,1,583178,959744,1756124,21,-1.5708761520684993,-1.2995812369275976,-0.41619440488525394,0.6820694900626313,1.3254321090950785
0,5,86017,923780,841531,63,-1.1267674689098053,0.8297324178791745,-1.1300693390403578,0.12617790366196718,-1.4068150094975382
0,1,198376,769299,864645,69,-1.1939250063990554,0.8113965544915921,-0.4500128579958137,-0.22247489677826537,0.5859042011646491
1,4,519137,1914538,1428127,39,0.14294309476370676,-1.1482632887526183,1.2571492168625729,2.046862195719558,-0.736770135947622
0,2,578296,1465291,471082,32,1.732514999485092,0.8187776437548606,-0.5353350870162231,-0.6749340187905523,-1.4152671919241875
0,6,413276,1006080,1921277,73,2.2313001461926323,1.5379319184125528,0.35845361820962024,-0.4030759890650308,0.21853404241094568
0,2,75337,371000,4254849,57,0.6380511014407572,-1.1225448062444139,-0.7309562757154733,1.991553302204734,1.0094717885959688
0,1,295494,213567,3447794,38,0.5008444749444569,-0.9175028210142636,0.7579218499236196,-0.8320613048498566,-0.8449414385934964
0,6,44354,1563509,1615777,32,-1.801057734152739,1.0176614668435024,0.6855077387902041,-0.5501152829365389,-1.4990159604584012
0,2,65186,595923,3504905,39,-0.5426737997340217,0.271495310825648,1.8486088332964115,-0.14702542343084998,-0.09184476433495513
0,5,572433,1942811,3512664,69,-0.7877837519082389,0.5514762752395233,-0.1755639454992155,0.8407344821295493,-0.08743532877718108
0,3,447236,216184,973181,45,-0.620847598251116,0.3405892164004968,0.6686548047579066,0.2078025073533134,0.5483196275544987
0,1,519883,298090,3116810,31,-0.1681438185847896,0.39069592092814415,0.09806753953894455,-1.2926253471522626,0.9495945713644882
0,2,564869,317348,1491633,44,-0.47209057769712737,-1.326472128311083,1.2958717818630143,-0.5321685631271895,-0.059415181272494094
0,1,305195,1231534,4895996,78,-1.9792998103757877,1.0473177066214483,-0.7188323876087304,-0.6073544332122114,1.855503314794263
0,1,595762,989156,1533854,58,0.7479102561175338,1.1695899924277735,0.7450053128772811,-0.07722104522304557,0.22423474453529177
1,6,145995,1326283,2061774,57,-1.0727430257398065,-0.22939074406802776,-0.19469729611668168,0.4258436586298291,-0.3464265060068996
0,6,265690,92324,2790358,75,0.23924686411114954,-0.04347694981386243,-0.06418817710849775,0.4182057558879721,-1.611567359102828
0,3,351770,223536,3860562,45,2.0740826697499735,-1.5311075025557221,0.09175248444837286,-1.7760117540484022,-0.26265952031616774
0,5,448988,1805808,3190664,43,-0.9193845915864234,0.5142547560178349,0.2522403964266774,1.063940987560856,-0.33638694541113623
1,1,200553,1320567,1765524,66,-2.5302875227463297,0.5720574417141441,-0.11622904312195817,0.2525688459966235,0.9603047962814704
1,2,580696,26155,1250632,19,-0.2860042218801108,-0.062191016999311004,0.21471318317052634,1.3845320475939062,0.46248362406685406
0,4,279568,341815,2322621,42,1.100959634998571,1.1243533598705027,1.5781180575621845,0.4441983272906719,-1.1793691216326172
0,1,339278,1689755,137478,73,1.9583474542205939,-0.3340772309799405,0.9854496856152184,1.1013229577357622,0.1722543864110375
1,1,171563,1918318,3243087,79,-1.2295495944524168,0.5646059258936003,0.8691545924968965,0.46654531145012695,0.6715311717290534
0,3,413554,460494,909711,20,0.4966992232365217,-1.0196643386921156,-0.4555395260238707,1.3462257562027482,1.5280313593878327
0,5,222503,149381,3711584,25,-0.46531045678005334,-0.02355215087423812,-0.8892408282283243,0.5222506360177785,0.8875039674140593
0,4,163326,1180267,1619715,61,-0.10594835430413566,-0.17435425790283585,0.9553005582377528,-0.09791524644290406,0.7608466543114778
0,6,31344,1524986,2590310,50,2.6443433470170348,0.22530792204094158,0.8760467925297942,2.2724347204468818,0.06008599461516361
1,6,414966,443324,1627687,59,-1.5029703283951532,-0.3695269288333586,1.472670675750982,0.8890371222798921,0.3883120054234496
1,2,125423,34707,960612,69,0.25373966149457344,-0.1314725956716678,-0.6039806259692295,0.5737444210044131,1.2495049007061587
0,4,340197,937841,427387,52,0.4676931717654332,0.8260471714415063,-0.22954865536034708,-1.276304416538336,-1.3327773974796497
0,6,484071,1567053,3646259,23,1.0857863249393471,-0.43676423723821745,-1.6394841625254342,-1.2883076174635377,-0.3494393272169559
0,2,206833,1916545,1544613,56,0.09798315347089544,-1.6065771007386793,-0.39247110606087293,0.2927154821418534,-0.7725687487562407
0,5,97454,1770440,1297638,69,0.3080505395041023,1.7495839042054206,0.9965705105794472,0.1455211977682408,0.3791531187261241
1,2,277594,1751550,4629988,40,-0.3916485674217911,1.3814540786904865,-0.46649537922819795,-0.6141225650083162,1.2302221756507876
1,6,531897,746788,2154174,42,0.26912694124510733,-1.2922626951056186,0.6404797952008238,0.14098269961206,-0.5969742867210739
0,3,372744,353299,2430525,76,-0.3431922754974105,0.6897078052451944,-0.19050310599781134,1.5886269280435958,-2.390304367469438
0,3,536142,1835289,3095010,67,0.6215718898560508,-0.5029747705513431,0.32405702822156063,0.6954024745502987,-0.41222074502447015
0,3,57641,1207068,2456070,60,-0.36961033604363397,0.26348721533105957,-1.1476913898156673,-1.1410085097527383,0.9134737320174066
0,6,573999,1522688,489626,36,0.37710039390218647,0.2942241290134937,0.08520944963390106,-0.1115088271429437,0.5376299029498797
1,3,389040,170102,288859,22,-0.029262813684978354,-0.234407800316322,-2.9911359709007233,-0.8049664808525608,0.4281862478105761
0,4,338420,394274,4749766,68,1.1260502507721681,-0.7837656655863965,-0.18689615816198485,-0.38769991640856116,-0.27999330187447974
0,5,301685,217285,1546236,28,-0.05139372358848624,-0.6905410523162594,-1.6304732437151401,-0.41361566562964275,-1.2790307362197864
0,2,495526,1386980,4001412,73,-1.7730324682068814,-0.9161919154812425,1.205994516546816,-0.4776455826040052,0.5152943216244674
0,2,64813,1208052,2290870,29,1.2619215007139917,-0.8318222082304447,0.7774073527645112,-1.2551353719733949,-0.8342818100346248
0,6,306214,758842,594305,27,-0.9057323008626189,-0.06717829004935526,0.46667098196608103,-0.12765468151819012,2.184096733380456
0,3,362703,1022788,4257341,25,-0.6537663386488198,-0.7157599891107518,1.52100622715938,-0.56060763684731,0.570507208354516
0,3,224615,1209504,3759834,41,-0.5956612940434921,0.6820520657126199,-0.9489165208248372,-2.929448690002268,-0.5806483025539511
0,1,496657,1713136,2627988,77,1.3744380931708173,1.4872461553359273,1.7473631979155582,2.052972024501663,-0.6113852473886282
0,5,586074,850610,204366,45,-2.1356742139786955,-0.580053241370043,0.9321915642603847,1.088769654216672,-0.09294420661358828
0,4,419953,296141,502420,58,3.1377485336599937,0.23940450053537707,-0.23655528721894603,-0.37630072492499606,-0.23950192202174977
0,2,307654,943115,2251401,53,1.0560568090660518,0.49968511030293383,1.1356201471829441,0.018819049740598424,1.1168337755299542
0,1,301570,1692137,1679161,54,0.22323891412915967,0.4720022709192744,-1.1062935124116342,-1.1716543473175618,0.18641616974404632
0,1,57265,1745171,1038199,38,-0.05489400061628639,0.07595526791608741,-0.8245141615276735,1.6957228778108653,-0.7316317389085281
0,6,269321,1297076,660902,25,0.28555407485765694,0.7426824183597224,-0.6085897232397004,1.8972886947731116,1.8904406851557827
0,2,86150,1738993,1538112,72,0.5211224283793383,0.4822489526806572,-0.5289777080640152,0.1566937282465246,0.04930833152022263
1,6,109613,1180887,1726676,26,0.645215585950057,-1.2376624223272978,-1.0565576427602528,1.0235306441853447,0.7688396759688968
0,4,357054,1807610,1370073,64,0.5556044660034485,0.8691560643892732,1.223083067095325,0.17528677893392386,-0.6082265074447593
0,1,141826,245546,4153585,32,0.08958068125524882,0.8872908372667421,-0.25885440036983165,-1.3367254388759306,0.3631156277445234
0,1,579723,1245309,1685996,65,-0.1973384203073261,-0.7632861041785816,0.35250496835687956,-0.4118233689636573,0.3111099911431952
0,5,470348,651233,3246417,63,-0.1512732836535117,0.03793783544760203,-0.5703513664136806,0.13192796677195706,-1.889649292096153
0,4,230017,1618136,702436,57,-0.194908280352681,0.6833289928110694,-1.8206033005485172,-0.4545477187434442,2.01527511046064
0,1,154055,1924401,2543788,35,1.1337700968670645,-0.20931381957936157,0.2700573583914221,-0.218653277435036,1.2906444609225471
1,4,510457,1896220,1352144,59,0.5935567222808619,1.0729780477660118,-1.9122549754197768,-0.09139955750911445,-0.39719531614598763
0,2,470062,1041592,1551330,77,-2.9403886346642802,2.3638724946193608,-0.06863404608546861,-0.08087849786546131,-1.1022697404558555
1,3,114071,146470,971248,37,0.655900776529761,-0.7859860326349823,-1.3683150388328105,0.05225849049748321,0.34756161380355205
0,1,326691,644318,4657851,23,0.19473619471877485,-1.3810446031537749,1.987275999230808,-1.060605066396601,0.08669769941439659
0,5,166389,1367223,2607411,29,-0.018708756445897416,0.30381859560487573,0.9113627221747217,-0.7170161491279362,0.3556689485632294
0,2,289708,1972718,1693439,19,-0.38851845308888583,0.7215625051261435,0.10575379127148042,-1.2845842656999693,0.19157739619408962
0,4,274444,1055146,1831094,24,1.1241127199860135,-0.23086637384476896,1.2637066776546686,0.9778155496862003,0.5062409893059261
0,6,231837,330929,3437172,33,0.9475264621228578,1.4532606633210343,-0.8463159774657358,-2.1056469418403245,1.4473056993918065
0,2,130017,1581974,1059325,20,-0.7728776678236091,-1.3386057997232488,0.543479378670093,1.1535903433169254,0.5681032051286461
0,1,143618,1547691,1963571,62,0.4070522871245351,0.6929186230316111,0.1998104337187135,1.3863493972628433,-1.0496554989099411
0,4,479297,79141,4419323,20,-0.971656734541286,-0.6058608207588934,0.26402008133367,-0.3021805869826214,1.362562852712452
0,3,145341,12115,597218,44,-1.3796181647889305,1.7193779062072967,1.2723535001067678,-2.6031370878272986,1.6406145634882874
0,2,572076,1087638,3815144,67,-0.6267172245899651,1.9925153531681183,0.7324921027798023,-0.3613105619672905,3.152056734512085
0,1,461759,809343,3436252,60,0.8623934723827588,-0.7666565877833479,0.28872366282502326,-0.06418416128881928,-1.123494033239598
1,5,584262,1676925,817052,57,0.9531250453760867,-0.5495571359085801,-1.6548874362282961,-1.0105982199289134,0.242882013150275
1,6,560659,1343276,1985957,55,0.513085420097293,0.8595878869798019,-0.9600462952794637,-0.5152183938082427,-2.0820987031889873
1,4,442845,390479,4913705,50,0.7250957868479971,-0.3871306497895146,-0.12270893359572414,1.5301951988633513,0.5531491563792091
0,2,344060,1574833,1428080,45,0.5161782871149584,-0.04541121793223822,0.09337237427665124,0.664927162301741,-0.5482002981667726
0,2,213259,830185,1101928,18,-0.6414815952229522,0.02538842054241018,-1.1302037246739238,-0.9245641143780999,1.9234457948249533
1,3,295128,397686,2521279,72,0.43192254467394064,-1.9196731561976563,2.411676675578421,-1.5975991695954321,-0.7746149700185819
0,3,423832,1170439,2100343,25,0.8004095252276823,-0.01383774609423725,1.5163940552535728,-0.3270173176097711,-1.6891830379672617
1,5,201144,796657,4096392,54,0.7542913298135743,-0.6897277740641738,0.6021183203924835,-0.21345677935043825,-0.47126374070251964
1,6,270195,1549652,2726016,49,1.188913371474643,-0.493122822399772,0.07203686128374476,0.4961991873633163,-1.9754877712171375
1,5,163748,647296,1244289,77,0.7083038472010638,1.4436320034688142,-0.21220896990115168,-0.535316712567659,0.7510994545073101
0,1,424032,1549302,442939,65,0.3514482075415829,-1.2565068942792563,-0.9519184600222356,0.5114995753618614,-2.0650830462563206
0,1,52733,1025799,1052207,60,1.0701502383164274,0.8132051867479773,0.07748051851886253,1.9351540400602292,0.02845758118315888
1,5,546338,1727132,3282972,54,-0.026521259249060063,-0.2789629303318085,0.2577525401427507,0.8155010224442626,-2.077811819856197
0,6,129996,1678687,304224,21,-0.8818746512277178,-0.2797601684958344,-1.2417605754816243,-0.048088507330772585,-0.3202978045366419
0,5,578221,800101,4414473,47,-0.16306696394376388,0.7903718960517113,0.33417641724489744,-0.18315047105329468,1.643378155804534
0,6,569239,1959406,2711793,23,-0.7449026448064491,0.34005129456889044,-0.15525904882474875,-0.35667313417987123,0.36064789143579495
1,6,576701,1683541,4747263,63,-0.6751782749743815,0.570612997219531,-1.907807557877391,1.1806409124521446,-0.863493604964934
0,4,185873,1819822,2319124,71,-0.14451867071551783,0.9681846605328611,-0.8603850107795019,-0.6273134459513029,-0.031203488939083975
0,6,453816,1044257,3923227,36,-0.7924199209999613,-0.33130838318332273,-0.41360553342164424,0.04522270899998256,0.018016872044446585
0,3,241888,48320,2073290,49,-0.3079615296390403,-0.6122367345077503,1.8876876573401904,0.05119790188108534,0.47263034584340563
0,6,186472,964918,4942625,26,-1.8936146669537857,-1.085150526557798,0.5565531245337582,-0.501784192811532,-1.3668583632808264
1,6,417710,496758,2518970,29,0.21329370737293857,-0.8254105299789551,-1.3354815690998914,-1.3724655478841008,0.5925672738473307
0,6,231760,1195225,3889877,28,0.0012054753622242368,2.9490944253087252,0.486036289417637,0.32297450361766816,-2.704391631602775
0,1,142744,1173930,1727408,63,-0.8170886310681906,1.2446795807367868,-1.5473039889383655,-0.06100397185538355,-0.6298845523638104
1,3,521946,612297,2801742,72,0.6592456684324051,-1.3510743662080213,1.0826910538870733,0.5002404694365699,-0.48827384245154465
0,3,63001,1830301,3088272,33,0.9375701376265584,-1.3224579567435701,-0.4711246518178786,-0.5336003064391669,0.6333268260712385
0,5,258506,448625,1055675,18,-1.6075598643689741,0.4818660617184915,-0.09363618873917084,1.2208212988130478,0.02263085267686914
0,4,450789,28625,3564375,62,-0.7627247785662142,0.547264797377967,1.32579664754219,-0.8767737812118448,-1.4055630538562867
0,6,519722,736400,965188,72,-0.7691423497872982,0.5488838353173644,-1.28716356858425,1.7120402840178925,-0.9849931258170151
0,2,578924,1334809,4748703,70,-0.9399031011088647,-0.25495579355369785,-1.3971181851129912,-1.7476365098282616,0.1986800095474069
1,4,199352,1085063,2161088,38,0.8294748419317485,-0.12545426000290022,-0.5835993263460049,0.43477006455689116,-0.07906734186455629
1,4,213283,1507630,2320484,47,-0.19382613877280352,0.3278795241593574,1.0383788510193166,0.47543068252662346,-0.5791241096357465
1,3,470195,1276647,4105223,30,-0.26451484131061076,0.08589300629333041,-1.5193460754768424,-0.7955570679408823,-0.48083378951197936
1,4,451413,1945456,2822988,51,-2.0038623644067535,-2.219300372747535,-2.832155598110569,0.4243939378610126,0.696167997159289
0,6,323988,488011,3919047,21,0.6354180302092264,-0.22979963057519381,-0.4511588584089988,1.2795186697601588,-0.5176925728692147
0,6,346898,1360858,3468792,45,-1.2392583948534726,-0.8514064342603136,0.5517407999109204,-2.2168188393540644,-0.08809124402907328
0,1,322186,1222471,487510,55,0.05993263026632825,0.17521141890851205,1.2002617497388293,0.5027448074908146,2.169936588080543
0,6,81665,430424,3575168,75,0.2773769379581917,2.98525900260341,-0.463161362085399,-2.4932708203300775,-1.423682636883923
0,6,266584,316205,4055447,48,1.360658595838651,0.3674816654743044,-0.41142660711600243,-0.965664803523208,-1.8518427315746586
0,3,136953,948163,1673879,76,-1.308820399119112,-0.3135296861723979,1.1539007342557472,1.6291663649009451,0.7835896647986067
1,6,496072,1047328,1780752,72,-3.0195121558208253,0.9218015019772522,-1.8697416996954206,-0.581782033392054,-0.6786430612941032
0,1,206626,101376,3293331,44,0.18384954475369486,0.4826878872092127,-0.38852077518300926,-1.1738799644089726,-0.31823752774262026
0,2,165271,1473682,3764455,22,1.8005111815108537,0.4200944904518413,0.19042388992505774,-0.19793772898468187,-0.7811563781311142
0,3,138533,1914142,4335518,42,1.2389463529394373,0.606850593215671,0.44921872128503426,2.067906338163552,-0.2598001407675125
0,2,485966,833487,403082,20,0.20965941527462578,2.0565435648295414,-0.5098066931908826,-1.8316822472060261,1.5985381120963413
0,3,86262,767629,201139,50,-0.49163618563204736,-1.1308884353259157,0.03444101170584135,-1.0513099116393445,0.8021284586181193
0,5,96898,1330228,3904722,21,0.8071225966373103,0.47363207681145447,-2.4883273534129895,1.4974316831796264,0.8622235118869771
0,4,475699,1520708,2746866,42,-0.9735461997044687,-0.9263811299815384,-0.6582484123338483,1.8577023435377324,-1.4162270557926455
0,5,169369,158056,1207786,37,0.47635776935621926,0.5555126463422483,0.4535087125544674,-0.10343122429028392,-1.1511537365528692
0,6,574736,634457,92601,51,0.5054701591666269,-0.9186865114860944,-0.9822940342546795,-1.2390527025266425,-2.839078659485427
0,2,308316,1843133,3175684,43,1.0602099074988798,-0.4173668136050844,0.058984221589597374,2.095843501809159,-0.809380821082754
0,6,27657,560347,3384068,79,2.7596600389110777,-0.2950899142379063,0.446872500802698,1.5944423917491968,0.9567031863856584
1,4,497602,462785,629085,79,0.39241596717876703,0.975816719344709,-0.34254920085776497,0.678946987762233,0.5169465157483709
0,3,394999,1676273,1959925,22,-0.5089636257074988,0.9184544439424138,0.1704637709965709,-0.81240234893742,-0.2215132629521239
0,4,27906,1983167,3009887,52,-0.025574312191994436,-1.2457173764463845,-0.9627325652846123,-0.049029340838036735,-0.02230028371805305
0,1,343557,1548229,1518087,78,-1.7690759048891183,0.054934110999848726,-0.20661127969604665,-0.16036008104483077,-0.6888855425754056
0,4,598316,1032766,2013321,45,-0.6947131310890582,-0.7095798547491726,0.6102161695892225,0.33085130461557777,0.20475888240178416
0,1,315804,529992,2518638,46,-0.409282438113104,-1.2585049106753345,0.15697296096843422,1.451001438131336,0.7658782794806148
0,4,488974,978080,603103,26,-0.5240883979345925,-0.21701705042437042,-0.5865312695639355,0.8794170411374032,-1.6158867874104728
0,1,54701,728744,4233583,69,0.152354872033722,-0.3084827884558197,0.224216404290793,-1.0773760769847582,0.29964768783734813
0,2,103300,742488,4566235,55,-0.8224199323822006,2.4267164863455224,0.714609790636618,1.3764964500195378,0.9324348709546673
0,6,103560,635567,1989968,67,1.1210306673244714,0.43295982536069616,-2.049941278577478,0.3131321400131553,-0.4151002889633696
0,6,262615,682568,2245854,23,0.00020706491819709385,-1.3776175007542373,1.1590740649558977,0.6870657958589163,0.7007006121205837
0,5,63642,642804,4639681,36,-0.009300321138614417,-0.5647740041709423,-0.336254738681072,1.466540859278603,2.814654444472553
0,6,537083,522828,2616241,77,-0.32789471651291785,1.0213832954293984,0.42548993324023027,-1.1115802495135512,-0.10434279298689192
1,3,511036,478366,2843586,61,0.15519068385897913,2.088442772869925,1.197246923645228,-0.035825578706462934,0.3933070500053236
0,4,347304,721384,1257008,74,0.8250982646676347,-1.5859833122379583,-1.371673697230466,-0.531454551359215,-0.7380570836613916
0,5,385464,957386,4070211,28,-0.8671302157109003,-1.879924385139045,-0.7094410024275466,-1.5678594253654559,0.1812511626020504
0,3,308075,419139,3843688,19,-0.6581164890752567,1.8709651753717822,-0.2885486958757048,0.3467099776049199,0.46027162498230384
0,3,114377,519777,3616984,64,-0.30372602877666466,0.38961417737090387,-0.7837535211244283,2.5115565515844236,0.19484234027013805
0,1,346916,1424764,4317561,61,-1.345870923473215,-0.8682927318763665,1.7349365758368085,-1.8400777445057528,-1.0196953197088567
0,6,471978,232549,4018365,61,-0.8192578597214978,0.5346290861224353,-0.8567720938267928,-0.032280611049470324,0.2063617713254507
0,2,332250,1602029,1003171,26,-0.47622087354465903,-2.6357477390168778,-0.5555467794868666,0.6405429350747734,1.4621959387176369
1,2,45559,1640067,2900737,38,0.8743891807127275,0.003375506597160999,0.20438903160297678,0.12307820165618115,0.4486357645145273
1,5,578030,484965,1370485,41,0.26256132900192497,0.32782117284308526,-1.2021495260760888,-0.1131280525157404,0.961987189071841
0,2,155044,790546,1681076,51,0.19358991136754436,0.9242701395378298,-0.39568071175626385,-1.2992163634458243,-0.23701197001262772
0,4,132217,982469,1611935,39,0.8508979621679722,-1.0138959522925377,0.31745326125017514,0.23278674294016363,0.7499002394237105
0,2,586161,36321,112990,20,-0.13737178839939665,0.08568716140335904,-0.33286040438251124,-0.7567639770159263,0.27926783821652595
0,5,423119,335441,981883,29,0.3904648499288896,-0.9254246260595873,-0.09338685889994829,-2.1899217049785533,-0.950910729687232
0,2,106988,1931660,1668321,45,-0.10322175293249623,0.2553837556743171,-0.5293321124483709,1.1945922205137307,0.31852100479887446
0,4,589936,1934312,4907530,47,0.26536234939962844,-0.8953463223630241,-1.514470309180767,0.9583858198420424,-0.9916966634403105
0,1,145991,1293590,3293705,43,-0.5827586576115821,-0.4081008391602206,0.32159321133923857,0.0516609768510798,-0.6328802748847919
0,5,422732,156498,1618702,65,-2.438817158276429,-0.9958153947902291,1.7549330716472415,0.22907468820570256,0.18932830729237413
0,1,526079,1066348,1500071,38,-0.13427916218630415,0.651136241823657,0.01840163078343813,1.0743180127155614,0.29724427338012405
1,1,546684,1938762,3759505,45,1.42274813609994,0.8584511166566653,0.22526411724754952,0.2243396567780826,-1.189232465077129
0,1,104082,790144,26806,73,0.9262154022415924,-0.2346205699574138,0.6927227551168594,0.9040175547613144,1.0539857711828762
0,3,148322,394583,4609688,43,0.9653974845911707,0.03823799496002834,-1.2693304965466992,-0.29748220087385013,0.5720062783004729
0,6,31303,238389,4264423,79,1.2361307218062179,-1.4485914146335441,1.7025146581296056,1.3119837385739466,-0.7047284356108838
0,3,181633,639430,1873722,50,0.08865759096143744,-0.29967664800678706,0.20232879642280202,0.3207857259326839,-1.5375847964491753
0,6,353863,1664600,1519603,38,0.1973157074055956,-0.05020461704174478,1.631856899089109,0.19405194360587402,-0.1449045790814313
0,1,269690,1100500,1968541,52,-0.6176518954343502,2.620793091029975,-0.7330329955239894,-1.270061088712032,-0.44594371386116016
0,5,119616,1576590,2504659,69,-0.31607285602704976,-1.1119670257741636,1.8180619225578247,0.2869558543017087,0.11314045705302281
0,6,106231,1399872,1750740,51,0.6157711497711416,1.4641772387524374,0.7751554940347831,-0.8319549174944512,-0.3631166611555665
0,4,289458,1076299,863403,58,1.2038844371688162,0.996858773465808,0.5530400858523584,-0.6382827265284942,-2.00745686074501
0,4,39623,1961977,879903,68,-0.13944627568099954,0.2806364044901364,0.23402445435314795,-0.8153756283161211,-0.3883469383011584
0,2,510042,758470,885421,64,-0.4501892648514116,1.7586204841951334,-0.24852861807444937,-1.066234931899225,-0.30561911106831297
1,6,478298,1935502,4278384,35,0.0005279588565972928,0.3721054726068629,1.2005316584738726,2.1247714030169615,0.6336610247740587
0,5,496840,664468,978836,75,0.6012067489291149,0.3891591956679287,0.14035986984804696,1.3313390619884031,-0.6981996746110497
0,3,125228,208786,3223522,28,-1.4438548161335418,-0.053120653017545344,-1.9670697035871523,1.9203675021442612,1.6786746733725662
0,1,446346,1608507,2217181,74,-2.296180953137238,1.2235688824186275,-1.1171864617070024,-1.222895019555564,-1.911640550651757
0,2,540547,686684,179830,40,-0.5505368494915835,1.0964692338108837,-0.1858457521927473,0.07125374991089249,1.3111674978026244
0,4,89274,1938904,1556518,65,-1.2207124259141586,-0.6256772874962124,0.3099989831655551,-1.2935076252040958,-0.2243189708781048
0,3,153541,1263008,3484144,39,-0.5081401976473109,-1.3192471945987674,-0.05658848889989584,-0.695694877197064,0.8595848723435562
0,3,73947,1028400,2659083,34,-0.14778031881747153,-0.20298063739565708,1.2189707897936632,-0.9181269834165748,0.0798014840587331
0,1,214692,1188575,4113640,22,-0.4532484090230134,-0.8000385643976464,-1.9511018640386248,1.2395840064415615,1.1395555360254692
0,6,68874,880112,4500398,61,1.4524675344707454,-0.0635245746153551,0.1435879365051602,-0.39622967810175985,-0.38736196455281124
0,4,593996,358690,1236497,28,0.32674476460232005,1.2374381346841392,-1.8179792253871547,1.0683793336940164,-1.0986204251778122
0,5,94553,939947,4877708,47,0.30047435961082836,-0.45730165508679,0.7597122954841684,0.604120889588518,1.4205042872710631
0,3,591926,79973,1547261,32,0.6222071440434019,-0.04282338131157488,-0.09445871444200275,2.303638752104789,-0.11348064588214118
0,1,98249,1898457,866183,44,-1.1388331177807691,0.058022734808395225,0.41960997202411815,-1.479444223139724,0.2215584736242106
0,5,547007,634122,622893,52,1.0391117874202687,0.8484308822052846,-0.8638829605897661,1.259233239786799,1.2347519140447951
1,6,490452,1809250,4539014,50,-0.07576428653545988,-2.246889333984605,1.279464931657751,1.1464408704007276,-1.031955242094435
0,4,449725,1048173,3895958,37,0.6704806172412126,-0.6067002947652967,1.0417246640588513,-0.9733788380270346,0.5954908976392573
0,6,62534,1502025,4826847,78,-1.0718572330401555,0.21128369227947272,0.5835443030118876,1.0071333364731596,-0.5898947564628909
0,3,515518,287681,451157,33,-1.5537587660160643,1.2000789564268612,-0.12951724686344077,0.3361449630262288,-0.13216935564437185
0,5,432003,494509,1265898,51,0.8178896580250287,-0.49190244750620515,0.5798572852951321,-0.22747625995340778,0.07227896538428889
0,5,146209,1912584,2120539,19,0.3764095260975166,-1.876552706041874,-0.7068925679873489,-0.8239354869719996,-1.500221861446936
0,5,462061,1680386,880412,52,-0.9020515543575104,0.6197114459661363,0.8555556590207121,-0.7191094514491859,-0.7788370428204348
1,3,209004,1595476,3231185,57,-0.8696630812746944,-0.6353623888256293,1.649480894323921,2.049812095785926,1.3510728924131392
0,3,184134,225049,2241281,73,1.1254347844147694,-1.1896666590903613,1.0706105599791862,0.000682818957482628,0.8861911885847956
0,6,95713,1317191,3734044,45,-1.1894118928673278,-0.6243453897132241,-0.7296024698074095,0.7821300015314592,-0.06263957732723487
0,2,508972,166703,317875,64,1.6426729532559634,-0.18452535765584954,0.3614173172731029,-0.7908993816675531,0.24312345851289308
0,6,95418,764357,1228337,56,-0.9006207346478687,-0.6047446645382127,-1.2931415437586478,-0.7798529462216388,-0.29424250563645765
0,4,148232,747419,2666078,23,0.638391925608383,-2.205566057099069,0.5723903111756757,1.0819848092499422,1.356583385827982
1,1,540551,1079924,484814,26,-0.3286184757489846,0.8970661968871322,0.45060341286253885,-1.3495762115515322,-0.20035257779416388
0,5,183038,1244380,1226134,37,0.6031874310823431,1.2748750412787222,-1.869816339532164,-0.41521376790527154,0.23184209213484805
1,2,188383,1836185,3690583,77,-0.5441140021141926,0.6515219913395057,-1.1617838439123638,0.03402741107223205,1.146030144142065
1,1,345996,135832,2520107,18,-0.1627929060722942,-1.1376856704248166,-0.28313889674376713,0.11137260184005242,-0.7773714848459066
0,2,278722,1343499,1630668,25,0.04091917539572113,-0.20149153394751798,-0.30085974714082625,-0.17909328501615626,1.558789184496894
0,6,152079,283780,1599908,72,-1.0021874557814727,-0.006521315229458062,-1.2094769354188053,0.3958197810959231,-1.5304614097433769
0,3,222053,1654753,2164412,40,0.7408243454201259,0.5987943895619102,0.38897872935218375,0.6928557558178116,1.6296421311127987
0,5,198589,1102127,2353847,20,-0.5132135664715852,0.6683404887180808,0.2514736089405121,0.73463754545933,-0.3726755839519746
0,6,523238,404772,2630146,21,-0.22859991534001858,-0.7341737987784958,-0.1942691319785193,-0.9858038086678267,-0.24269874782528175
0,1,49257,1993678,2892478,75,-0.9943493746085122,0.08199555641356042,-0.7557915001583629,-0.2841550979287972,-1.890010171182943
0,1,500488,1715499,1984117,42,-2.5623336587953105,0.4572804046152411,1.0487071264165635,1.1947628618769377,-0.4547947173776929
0,1,455423,571107,2443282,64,-0.19102776260016902,1.4558223221467665,1.6554071130882952,0.8946471875738723,-1.0398065310268843
1,1,164353,1384490,29725,55,2.412615421612916,0.7045065398247231,-0.4835614838465371,-1.372859451481064,-0.6076463453734726
0,1,343390,1008559,1185574,32,0.7846042878980238,0.7890566873755189,-0.6121669171548207,0.35147990035220167,-0.1373109657888796
1,2,283579,420182,4298859,38,-0.01926037973439464,0.08382662792936094,0.4912076654119963,-1.9782252493748103,0.9577916144729056
0,6,249947,1261357,795928,52,-0.2628908292082677,1.4104591452035038,-0.35802937974698623,0.04693490206036963,0.20760335140062577
0,5,251758,1501681,888036,74,0.02246589281204638,0.4097627959594974,-0.13939720066323416,1.897767016745977,0.30767665340111383
0,3,177732,682347,2971783,70,0.54711911517521,-0.8610879101735704,0.7396531517246714,-0.9478927172689863,-1.0955193888455623
0,3,458755,1913722,2662761,70,-1.1808128153088449,1.4033699701251907,-1.9093560875072928,-0.8343230454915821,-0.8807540896027302
1,6,158563,1022378,2513024,63,1.114321694668872,0.6979032725390276,1.3183023248526693,0.7640297815728595,1.798725018351312
0,6,526047,713708,2540034,69,0.7153813154412441,-0.4430440211284823,0.07268052432934134,-1.542801515209646,-0.7352010347632466
1,3,346032,548884,2398083,31,0.7181857257079345,-0.47949296739924335,-0.4114931445621802,-0.6327550298850391,1.6562082520572956
0,3,273973,1999254,2553314,53,0.4384757388097273,0.2965755451407618,-0.08923415422144892,0.5964411375817527,-0.2430611988808665
0,2,303097,850538,4740319,29,0.019616657693989903,0.4631847952675847,-0.03757064497948127,-0.6342858476894031,0.0022879361435040493
0,4,396826,1025014,3909439,34,0.6728612359668199,0.19729226563120644,-1.7312013034449254,-0.23596998721097162,1.0703651602299298
1,5,534257,987471,3911146,56,0.591814133741378,0.3113086734428849,1.494938227453236,0.7441857103150346,1.2718924219386565
1,1,450783,59182,1640920,26,-0.3540407109410238,1.6999573745763805,0.041325632270618466,0.42154608353656126,-0.1108125602790875
0,4,135374,349307,1707017,52,-0.573601772896901,1.0715431522348857,0.4430021304473752,0.2668183962954019,-0.3882430535215389
0,6,569148,301454,689556,77,0.1018562952619867,0.19063559126502433,0.9515497705740428,-0.33912227927003874,-0.05592044852221312
0,3,504090,1366808,2789247,30,1.5490201514951873,0.9413105807674833,-1.0211624575603002,0.37006111526895535,0.3379575282321183
0,4,309227,1701667,2857261,32,-1.2391070756539009,-1.0325239035275395,0.47347189903522846,-0.12373268009975662,0.8913036868697555
1,5,552101,1188554,3225830,35,-1.46752526575244,0.39792704994680894,-0.26764109089879357,0.45780560992578473,0.004229858994151577
1,6,51598,823346,2253722,68,0.16476084123651674,1.80930634973311,0.8467707752164937,-0.49693202511797824,0.6188862980231536
0,1,525934,896782,1649729,50,0.05088770185601806,-0.21804589539237385,-2.1272274203514954,-0.18256897437954112,1.638359732270941
0,1,309226,1618243,1116271,23,0.1733416643704082,-0.8476339286190848,-0.099094300241269,-0.9899577925520139,0.38130961226478466
0,5,247286,1520404,2528268,76,0.24395319790850026,-0.6520888885930607,-0.6028206557839616,-0.0350076100062359,0.3116528560047783
0,5,457785,770188,3099555,44,-0.22320225463480511,-1.0896330373423884,0.4322629506341555,-0.8110008636288448,-1.5189108250900678
1,3,31745,258517,1681641,40,1.4898634386020821,-0.7847619081277034,0.47004418736820214,-1.1140464501619933,-2.6307301368290634
0,1,164097,955154,516409,76,-1.6009039784765156,-0.370508098590029,-0.7076258948220261,0.25866114785538813,0.38837572923016833
1,6,252732,1488673,666165,44,-0.828497024780246,-1.405567019178642,-0.7121738641760436,0.21273977585766032,-0.09482423128087224
0,4,233030,1357133,2788363,51,-0.10325476014904739,0.015618333949603047,-0.11066536855732945,0.7828737349485725,-0.514782674914742
1,6,586134,137084,4476321,73,-1.6431888111541673,0.9022771737866472,-0.8966422273152082,-0.43112556957509907,0.24353020418634463
0,2,358076,705475,3710388,63,-0.17585440443207118,-0.9077561801469204,0.8419836954521269,0.4080528468367557,-0.06040372919690829
0,2,168554,1842159,3235192,55,1.6614701657280182,1.5192839236417688,-0.36920720044744615,0.5507975722736632,1.1277802506338985
1,5,305555,582004,2767891,31,0.020886488295961788,0.5107920885275947,-2.9069882193216414,0.44477380783159476,0.0861108682589779
0,3,464191,880179,3263050,53,0.23070090571868349,1.0305805856240573,-0.3748220566218061,-0.8256536828021421,-0.7469232850701676
0,2,473761,748013,1740687,70,-1.2601647651725802,-0.6578345538521371,-1.0385438208439723,0.1493634822711889,0.990166238959289
1,1,525518,691738,1935090,25,-0.6163614080394775,0.8545252270666157,-1.6312758154609455,0.36414029605466136,-0.21713107494620248
1,6,360941,1746588,745182,79,-0.375196380323937,-1.091933900395313,-1.2374266382225725,0.007178466907941942,0.5265366836723071
0,6,334451,1252078,3937270,52,-0.31771509675623405,0.8902475008365087,0.10940847183297006,-2.0864776583710847,-0.47741070619280046
0,5,304186,144539,416978,36,1.2816437950037687,0.17183933979353122,1.3286408282482312,0.16048962397348007,-0.6498268854974364
0,4,597218,424226,1033316,47,0.5576910607251245,0.5532512199847837,0.31318447386498,2.212531039397242,0.08416823018569615
0,5,457629,1570439,4819075,31,-1.111457956937032,-1.1755946056248516,-0.6065033882157397,-0.3600392687569827,0.01282864354368512
0,4,244695,1170575,2621038,76,0.24650477843200488,-0.8950698422766047,0.4559041951707027,-0.7280770978553212,0.479827035366833
0,5,315900,1163369,3380355,37,0.49822174849678513,0.5972282182533848,-0.45909031021899177,0.3733485597113982,-0.26864575330974255
0,5,73268,1505949,4736905,66,1.1401490385212665,-0.9483480042242007,-0.6946003691631446,0.3123782104665717,-1.8363597837703973
0,5,452430,1418897,1770485,42,1.5805406865683735,0.46320629209912306,-1.1543626682329844,1.1927351654164144,-0.43277388358838864
0,4,232943,12289,4742297,57,-1.0150941918278686,-1.3671378064602457,-1.7518288067517191,-1.2578681559088878,0.7938184671438157
0,4,441818,700336,3868452,41,-0.8108575112103382,0.8481742126666681,-0.3899237065594453,0.7313802525749924,-0.29737607924310644
0,5,593189,698956,4005605,31,-1.2575778589146163,-1.232523314768509,0.15805348992013185,0.5904220612514635,-0.24638340251454802
0,2,382130,1989251,2201044,43,-0.23401985910698136,0.5522999376795232,-0.09662367001488972,-0.1421465369405461,0.9863765059059371
0,3,214488,1804377,1312743,55,0.4663583744463345,0.6256309336460009,-0.4159669279473586,0.33868731792169,-0.7119732272589228
0,3,410530,1305944,2741094,40,0.9873345165891019,-0.6967718184295749,-0.9457460606967811,1.0294574815983573,-1.5428032182428997
1,3,261531,86365,1927205,39,-0.07595102364252276,0.5820265670847269,0.6082461916849685,0.8723153800284503,-0.16063111952549436
0,4,266693,754950,3734445,65,-0.31984752325484395,0.26044226333355597,-1.317131919946585,-1.1430193120737286,-0.484173951248737
0,4,570719,1949022,104195,74,0.15175799224874037,-0.5388418561927383,0.7760279138434754,0.8201581867554845,-0.966246319753254
0,2,258360,175211,4101036,36,-0.835142901630023,-1.008554684076208,-1.0022170189267248,-0.06468860503251848,-0.17537845589869072
0,3,364855,1228361,1338486,63,2.0895387216947734,-1.962625691672579,-0.752435237353035,0.07287409801551539,0.49150564724678364
0,3,527403,1995814,2165251,68,-1.6076610271180587,0.3496500472996937,-1.466785190615677,0.0731969910016945,-0.009288561567815747
0,5,46385,1121164,1477852,20,0.18474057889572446,-1.5648027713620551,-0.5014021468856367,-0.15024298879825998,0.30698107268623775
0,4,451374,63646,3214850,59,2.0236062192296393,0.0953441994413082,0.9753124584779789,1.191707497107065,1.813407698515423
0,3,436235,265798,1720023,36,0.006799844559997769,-0.2634482160822491,0.5156280884439565,-0.08371795984921201,-0.3428788615575641
0,6,300783,1530814,2670308,26,-0.19003903500149447,0.6791427754381955,0.9784221120280351,-1.1195461283831687,0.2783486346446696
1,2,105530,1853751,3562169,45,-0.3574454228104272,-0.3020454994898642,0.5221425459339358,-0.39352985596972884,-0.5092133625991345
0,6,303707,1883376,4027446,37,-0.18039168176240783,-0.3294477863470914,-1.1036698285303692,0.1786947168104756,-0.8463597198869729
0,6,397816,1793961,486275,62,1.3728484746765302,0.7318707042882956,-0.33078922432755736,1.2292147842970504,-0.5849076534177698
0,2,449660,729532,298871,24,-2.211861911329507,0.3350580290841175,-0.7801991291174627,0.6030946849488336,-0.47875857152168855
1,6,421927,923945,1157655,31,1.5334337012963255,0.3161559571827783,1.3305749040390402,-0.8505352787470439,0.35947579754712555
0,3,365114,1168311,2949281,26,-1.423957152450145,0.46926758980852623,-1.1967886464263116,2.4851899166788916,2.3490757867007575
0,4,263373,155683,1294929,76,-0.2666523292344148,-1.5355721232071058,0.8936976893891109,0.2647753109779796,-0.7160434362758403
1,2,367697,906323,2504594,77,-0.42924442029866183,0.756788679986982,0.8929538701087693,1.2753907379990148,-0.4166253056154625
1,5,181779,632259,1243294,72,0.5885532697707198,0.6124687940136023,1.8296202017160872,-0.15171443357722914,-0.06312301311124825
1,6,190182,536437,3567675,74,-1.5981243518837476,-1.0166831285764972,-0.40968659262949736,0.5333592447054494,0.3957988487097471
0,2,258260,1410822,896816,77,0.46217266608194285,-0.2440804736742013,0.7123221595801621,0.8394685045184047,0.26355081195478497
0,1,350904,1369909,3807085,36,2.0243096232868525,-0.039307287627631186,2.2816518365388427,1.218194711754256,1.2840957939481172
0,1,67837,1811840,2414802,64,-1.3631740045928105,-0.1344967844017327,-0.6176416769336966,1.057368305378225,-2.4263920705352082
0,4,538349,1987755,443031,69,0.18970616761039566,0.33385996656853467,-1.5350402475323597,0.8721970000729778,-2.3869298701956727
0,3,572829,1906039,1090668,31,-0.6619821777966091,1.4313667818311835,-1.8800100339077637,-0.3150867311941086,-0.4958781720101493
0,4,99083,566956,2790373,73,0.42588720619303577,1.0817667276728287,0.7127120288613313,-0.5717460419560614,1.0973001875437087
1,4,578819,1455465,3683444,55,0.01914777741575206,-1.3122191934314063,-1.8831502080585838,0.33260751032419755,-1.5656480316055963
0,4,290856,994170,3916643,70,-0.6414869090443096,0.6220699903060487,-0.37231905293792283,0.9331280723410693,-3.007632339693757
0,4,386245,612492,3287058,78,0.487872284871074,1.3289333195354096,0.4373131870389607,-0.22272070077660705,0.5711794062192087
0,5,274346,211830,3203503,53,1.804348109786743,0.38680852068920263,0.18517553682991406,1.0651719657143865,0.24365722370271442
0,5,177661,1245077,1785516,57,-0.19090379172729868,1.090980425185967,0.42544486418417227,1.4526167454861794,-1.0902084067994298
0,2,180081,1465461,4158179,34,0.7197579421481819,2.012270445700765,0.22228985580085406,-0.9163209190734197,-0.9855396007209299
0,1,408590,165140,290998,47,-1.2932729578711637,1.0237095461069814,1.2788658133133932,-0.8369207037962799,-0.9697437196346744
0,4,26154,1792725,4855920,26,-0.9564363768180087,0.24930859564172886,-0.952316380738797,-0.14037505890533644,0.11053531747394013
0,2,84288,1189083,1828022,50,0.47240627788037737,1.0450884740847535,-0.6769951384585313,0.3076126681891964,-0.626315276183007
0,1,71195,225160,3048593,73,1.484116028535965,0.14488783309689118,-0.772659445270824,-0.524567013767051,0.49406391897551966
0,6,302725,1231897,1409854,69,0.35561334878566,0.02390304328495547,0.8301918118626102,1.3522026788671444,-2.854626662904391
1,3,465864,561672,181360,42,-0.31305803052315434,-0.35141423571373254,0.9003985883950636,0.4240668615184512,-0.8568518651277993
0,5,312231,521998,2444026,31,-0.0007085945766459172,1.5634133588321082,0.4512253193185082,0.03944704824073949,-1.1260539609110503
0,6,184053,606217,2515419,28,-1.2504077339697175,-0.8184286659420014,1.1834936668899279,-1.4359095238685275,-0.2563406783724922
1,1,456624,1962967,4138286,70,0.6045153263553668,1.532367724678116,-1.1780408673763807,-1.3158158164275071,-0.5380477584901385
0,6,59499,1649017,1291210,52,0.8823330623234091,0.49986412374037137,1.667224111551137,0.2810092502818063,0.7978437798957666
1,3,407960,1807992,2643061,58,-0.45209033283308037,-1.3993061748019415,1.5232386217122582,-2.132595626154836,-1.8593367716600575
0,1,465485,75388,3584197,76,-0.4700421477595015,0.3676492929914216,0.7356219972457467,1.0126374096440718,0.045491476330752
1,6,265198,555689,311955,31,0.2658782296520485,-2.100026507651624,1.78179890877106,-0.1581538443723203,0.5583364232117055
0,5,487535,518727,2127599,47,-0.4367197360405955,0.6255080168310357,-1.6566232076777738,3.2430929695947333,1.8566474365619547
1,5,330931,1775767,2225198,58,-0.06613261462582246,0.885231482988991,-0.5244481362626519,2.3079162506161106,-0.4817659710934752
0,2,317632,1692367,4933594,21,2.0997217891665154,-0.5923559556520536,-0.7353034606819523,-0.18144906924751675,0.32445860435251705
1,6,356585,232601,1565070,76,-0.24702570074599667,0.12354769595558233,0.7214793237573432,-0.10633700253131496,-1.803862792562365
0,4,42431,1176410,3831342,21,-0.3583401520212222,1.9541574337502863,-1.0501407396021456,0.9955815140020298,-2.391956204313024
0,6,343825,1082660,4835451,45,-0.6475418056351592,-0.5057467042619367,0.7574951493374855,1.7031726099180378,0.8447743757816999
1,1,214555,1300035,4382794,25,0.7441919714999368,-1.0589075870566005,1.3705361439967134,-1.6380290574360168,-0.005560293648070566
0,1,593441,1683505,4698713,19,-0.181224173218103,1.4816634024625988,0.6952029000839993,-1.7863754653546866,1.1785126897984228
0,6,288512,105111,3790328,58,-0.649373038321426,1.9625871905307948,0.2837510236615011,-0.6220348055543814,-1.3734028889697492
0,3,196076,1497618,4710899,78,1.321304032273012,0.0036956718478473255,-0.9878733409007492,0.5827375831738644,0.5199021395287525
0,5,239724,429667,3896892,63,1.4196030045136372,1.0114630354083562,-0.8468509661253646,0.4968735905075971,1.8688178405438531
0,1,334470,1711163,4857993,39,-0.6004235657387051,1.341475915530881,1.2496189052966666,1.0697714549838502,0.4197056083572659
0,5,70861,162982,2263089,58,-1.8665399513606162,-0.742484232538384,0.7793490039053323,-1.1996975283653082,0.27658150559104877
1,1,358041,298185,3462092,73,1.0075136898369221,-0.4853058353678683,-0.03901951937754412,-2.3161438629688766,0.008556080824349832
0,2,232977,1923928,4437610,72,-0.684629825760004,1.230874513154735,-0.41790954576589057,0.8580141953021454,-1.5708814571259122
0,4,29078,1376401,3239536,33,0.7906255991627686,1.6850142787085094,-2.025807873111377,-0.8281962729652346,1.355572935710348
1,1,344912,234386,2326133,46,-1.9701038177118355,0.5628808601743548,-1.0708524186844388,-2.018487864388638,-0.6108576398050658
1,5,595335,1392291,1739461,79,0.8925973382993092,-0.8798143535020543,1.9114190871397234,0.14506374595938162,0.5044832563830169
0,2,415141,1245129,2150224,66,-1.2111719292807812,1.9870611116994412,-1.2804555710024668,0.7931756882186773,-1.5630343065712535
0,1,235048,461792,4002713,65,0.7307641190665245,-0.5309708978119645,0.18947982122108065,-0.12205713212127726,-1.1794596645077804
0,3,177087,501174,587100,47,0.014273067836434106,-0.33513778117145177,1.0074439731951985,-0.45784838618248924,1.4350873992222355
0,4,53320,784625,3415871,29,-0.9539394193966448,0.34233783448962146,-1.2549226680022925,-0.15936223214590656,-0.34730228895784293
0,1,347025,651844,2381732,52,-0.4070363129267805,1.5541604207147741,0.1847104747810833,-0.37058276240078286,1.4532754760425446
0,2,533287,195246,1877971,28,0.6863184569567008,0.8539759765522237,0.937915537510655,-1.3480471119401671,-0.07823065905851781
0,3,384359,1599024,4963401,63,0.10589445311523424,0.41486550036191044,0.012499321907250335,-0.7146806769904318,-1.8418977729578574
0,6,279931,246242,2349316,67,0.5844129804724842,0.4632885301181062,2.8684030556667683,0.5212799050138145,0.8920675997317206
1,2,426845,511083,4041059,38,1.9764405845154855,0.04351466864346608,-1.6685992588781953,0.3216785413765001,-0.5898923177556078
1,2,569114,17633,2866757,38,-1.5642416117110514,0.5581395145185063,1.0587285298838789,0.16805980596682024,0.6986888135170435
